sys_id,name,country,account_manager
f489995774e4a7221b5a4ec4a1f409f9,Helios Fabric Co,DE,Noah Haddad
83c3b293635a78a58a0f87f48c5ce33f,PioneerSignal Partners,AU,Tomas Mbeki
ce3300b4caaaf62ddd78c3dedadfb109,SummitSphere Group,US,Ingrid Costa
8c41a557600365aa7bc513782896a263,Standard Logic Group,DE,Diego Novak
07ac25a2ea202aeedcfbd7c5cfb2285e,GraniteCompute Technologies,US,Sofia Reyes
f208c8facc721ba79d13bbf71ecd812d,CedarMetric Holdings,US,Yara Rossi
c3782c76483f6c6283a5716529ceb505,Standard Pulse Solutions,DE,Mei Mbeki
874a5c683d9e65802834d8efd421bf1b,VertexSystems LLC,BR,Lucia Moreau
fab7996e78f934032eb8996d74e70e35,Helios Sphere Solutions,UK,Nadia Rossi
b7e399658fa006aea56043e59f0b0e41,CrownByte Partners,AU,Ravi Kim
043d680ad30061f5a3d2b029b986466b,CedarStream Solutions,UK,Ravi Moreau
9df3d9559b058812283f26050b2cb9b3,BrightNetworks Holdings,US,Sean Khan
9ed176fe5e9e71f3ba5872b9354c44ba,SableCloud Corp,US,Chen Tanaka
7f147cc3c1aac5aed8aaf8dbf84e5f5d,NovaCore Technologies,AU,Tomas Nguyen
2764d687319fd4c20278f7cba2876911,CobaltLabs Corp,IN,Sean Nguyen
f4289227ffe416344948b78edca04fc7,EmeraldAnalytics Solutions,SG,Aisha Kim
c8e543956b050e4b28e9a83a0e27644e,BrightFabric Solutions,AU,Elena Larsson
8f9d67b55f1e43ca81fac159d8c4bbfe,AuroraVector Systems,AU,Hana Rossi
9d1ef92b33165ed9d5b09704e1d33f9f,SterlingLink Partners,SG,Aisha Tanaka
63b767f0a169c631b063f25b80277f22,CopperFabric Group,US,Faisal Kim
d5f72c297a1e312720c7e8ffbf99e6ec,HarborLoop Global,UK,Liam Larsson
7f142c165abcb146f135b5cdff464480,EmeraldCloud Solutions,BR,Diego Okafor
6640f9392d1607e1dc5a74a12cbda421,Standard Micro Inc,UK,Priya Walsh
c214c828b5012b1bc9206a2f1623e245,GraniteSoft Group,US,Sofia Mbeki
41551649f8514bf0a07f2b42a32275e6,CrownCore Co,SG,Yara Larsson
b9920c250a2a0f085fcc2b0d874dc46a,TitanWorks Corp,DE,Yara Haddad
45d1d110d31d9a4dcfcb293195cfba6d,PacificWave Corp,UK,Chen Moreau
fb486c28d4754bf6b3b0267a948b64e5,PacificWave Group,IN,Lucia Reyes
d21d701442b4ec6cd44547db7bcc5f18,TitanSphere Holdings,UK,Ingrid Mbeki
e885cb8f302519ae97564b4bcfa72215,CascadeDynamics Solutions,BR,Liam Walsh
ca3bf1c4bf1f44639cc1684753ad052f,SableAnalytics Solutions,AU,Lucia Rossi
e97713171f17dbb855b2efea8da397ac,MapleLink Solutions,BR,Liam Moreau
8330b14f88b2674f9b499145deee6cc5,LarkWave Inc,US,Yara Rossi
17983b398bcb85a3bd4d94c654af2c08,CrownVision LLC,BR,Diego Patel
6ce1ddc9b5c3b1ade29c2661afc1c366,SilverMetric Industries,SG,Lucia Larsson
caa0679dab06572b5f3f804dc7f984f2,IronCore Co,BR,Elena Nguyen
8a14f546ef72dacdad363020c95e005d,GraniteLabs Co,BR,Diego Duarte
1f6f12f6e26518f05cd17284194430a5,VanguardSignal Corp,SG,Yara Okafor
784e6c12e9249983285e69162e3eda3a,Helios Labs LLC,BR,Ravi Khan
cb80db161146cdf0ced6cb80ad72380c,CedarStream Systems,BR,Mei Moreau
928168c79f2ca28ae9a981e881fb3994,OnyxPulse Holdings,US,Liam Moreau
9115e05645363d2c4cf042c4e9af331f,TitanVector Partners,AU,Elena Haddad
18022bbd7958248839acfd4371289c21,MapleLogic Industries,AU,Aisha Walsh
a178933c65a9009c34033c624b730039,PioneerLabs Solutions,AU,Noah Nguyen
d0b29f11cd7dd3a9158f0d13c153649d,CrownFabric Systems,US,Sean Kim
15fe306e9482b816c7accede3513265a,QuantumVision Group,US,Faisal Patel
2fd6f800ee1089199730e6602416af75,CedarTech Solutions,AU,Lucia Costa
79aea6125a77c6e27e102e9e29a54d2e,RidgeSphere LLC,AU,Liam Patel
a22401521d0e959ef25985a8b8e1ca53,GraniteWave Industries,BR,Sofia Reyes
f35137faf6d370772c96f6fdc6e12fd7,KeystoneWorks Co,BR,Tomas Larsson
6c922505e514426e3a4a0663ccdc5f1c,AtlasFabric LLC,IN,Sean Mbeki
a73210f8368ed6177bcd6639a1bd910a,PioneerCore Global,BR,Aisha Rossi
e09f89c0e00fca2ddccd5f2bc65dc6be,NovaTech Co,AU,Priya Okafor
fe5d85f21cfff63e66cd42e1cbda939d,AtlasFabric Technologies,DE,Nadia Patel
882a62f73a2e354f2fbc5f8d3d5c2b07,PioneerGrid Solutions,AU,Yara Patel
6c8e183f8b98b95fdd0511d6af18de6f,BrightCloud Inc,US,Omar Rossi
61ae3ee25ef6abb4359ae041287cc7a7,CobaltStream Co,BR,Kwame Novak
8d67221d46c33b635792dbe69267200a,RidgeStream Partners,US,Kwame Rossi
b64944f1de14d6bfc9991f0ea3aaab03,BeaconVector LLC,SG,Elena Moreau
955d4b1b4a091520940da3d4cc508467,NorthPulse Group,US,Elena Okafor
2df9ba0f1852ac01a541eafe797fe774,QuantumStream Systems,AU,Faisal Reyes
0cd73a0643593b2482c813882cea2d07,VertexFabric Systems,US,Priya Larsson
c5f40d0c9e85256e8d50002fd236b530,GraniteVision Group,DE,Ingrid Kim
ef294d8311d6290229275facedc0ebe7,RidgeMicro Systems,SG,Liam Khan
e95fab299a15f19b6037495f8034486f,BrightVision Industries,US,Mei Khan
f1729aa0a7c4fbc9f7389260f7227cd5,ApexMetric Technologies,AU,Priya Tanaka
eed76d873633026840c99da52d584e9e,IronPulse Group,IN,Aisha Moreau
eddc807c7bf8bee4128bb03ecb0cf954,BlueLogic Inc,AU,Yara Nguyen
6b7042c9151a5899d0e5bd15d377e942,IronSoft Industries,AU,Yara Tanaka
2d2090b8001e29bc0c61379e5c0a7afc,NovaMetric Technologies,AU,Kwame Silva
9298d422775c596c4587a766661d46a0,QuantumVector LLC,UK,Noah Kim
20e1e6ae4d52bb20221a66930b9aa0d1,SterlingLink Holdings,DE,Tomas Moreau
01684d39c35574e92bb662ad0f598d88,MeridianNexus Co,AU,Elena Walsh
ef14e0e3698895a7b4d7065d9afed6a8,UnionTech LLC,DE,Elena Rossi
636600a25bca08268d47ad0482476bc6,EmeraldWorks Holdings,SG,Hana Walsh
fb25891dcef3472d468e805b067a779f,GraniteMetric Group,IN,Sofia Silva
1ac948f1ebb1eecad7f1c6379182edbb,BlueStream Global,UK,Priya Costa
3c77067a83abf21bfd68dfc1ea2adcb3,RidgeStream Solutions,DE,Yara Walsh
a4b1cf1ac025115e9d53899dacdfc23c,AuroraMetric LLC,IN,Yara Moreau
33fe1ad718dcd389bfc4a57db83c1862,OrchardVision Solutions,AU,Sofia Walsh
c83857de210e8aabe84612c85cc60b6d,BrightSphere Systems,UK,Aisha Costa
daf0afd2f0db8d498aa8ae22d52939b1,BluePulse Inc,AU,Sean Walsh
89c11516794b16f88f4e6d2f2ceb998d,GraniteByte Industries,SG,Mei Moreau
4bf9cd4904280a0f8f8abc71b295e30d,HarborNetworks Solutions,BR,Diego Okafor
b4d52965ec8fd2b35270451d8bc9a96a,UnionByte Inc,AU,Mei Khan
ed106e90582b0f89a8f41a0a3be3933d,TitanNetworks Industries,US,Sean Andersen
b0c3230e4f9fc8dafa9e7eb28ccf2b7d,Standard Metric Partners,BR,Mei Nguyen
293195bd2854a447ca6933bd7b943bda,CopperCompute Inc,IN,Diego Mbeki
0635173dfc9375dc86d0d9865c385c4e,SummitNetworks Corp,BR,Liam Rossi
e9235c871a9ed705ee42c0bf6fa305bb,QuantumSignal Industries,IN,Nadia Duarte
f69e62fdacc8b0f50d6be0d5edadd39c,DeltaLoop LLC,AU,Ravi Kim
2055529baf61d3869d9bd7738f766273,Standard Micro Group,SG,Tomas Patel
bfc0719ebe0970f7d512e1dce2c74507,BlueCompute Inc,US,Elena Haddad
2525cebf2b8aed817fbe9f31ef779880,CrownVector Holdings,US,Yara Nguyen
5240aeea12e4e665e33d5bede144789d,SableLogic Technologies,SG,Ingrid Moreau
6fb3dc60eb48b1a9c45bd5737059baaa,UnionDynamics Industries,DE,Diego Walsh
dec912eab39901c561a199b29c0f3746,PioneerCore Group,BR,Nadia Moreau
8419ce474e91a0f416191dd2f304d7ec,EmeraldByte Corp,AU,Yara Patel
5f73ad353b08718bb1b9638d437b5212,MeridianCompute Technologies,SG,Faisal Walsh
1b85ed9dd141f9d0679838e0762df9d2,Allied Digital Co,US,Yara Walsh
126795bc304e46613c06f28d7a174885,CascadeLink Partners,UK,Ingrid Rossi
28bd5ad206db41ef9719d59f780b7085,NorthFabric LLC,US,Omar Rossi
d951296377e64025e8536a94aa9a0a44,PacificLoop Inc,US,Nadia Okafor
2311f41441ded9290382a44eacc601e1,SableVector Co,UK,Priya Larsson
b38d2e5d4a2759c19a2df4273c735741,KeystoneMicro Holdings,BR,Sofia Duarte
731ec8e12824a45356257f70ee490cb2,SummitNetworks Solutions,BR,Aisha Walsh
f6d8f33787765be11a68b1fb03f0d58d,CedarAnalytics Co,IN,Ravi Khan
73ab5a065d033b2b0330b18734d94345,MeridianMetric Corp,BR,Sofia Costa
0b6cdf2834a37b23e71db04f0d8056c4,GraniteStream Industries,DE,Elena Costa
c96aefaace5eb2fd381caf19787705e0,TitanDigital Systems,IN,Yara Tanaka
c149906dc5fead9422b2fead0219b84f,UnionVision LLC,BR,Yara Patel
840e27977244805f16212f66c003421c,QuantumVision Technologies,UK,Omar Patel
ea65a068b1e50799cd8bcff468970a24,Pan-Atlantic Analytics Holdings,UK,Diego Nguyen
588535cc00b18e1d21109c7f9512aba9,CrownLoop LLC,US,Priya Reyes
7b019a09f8e3ec3186962b017efd75f0,LarkWorks Co,IN,Liam Andersen
926a2e4b04a45838806c05bd8d137c39,UnionWorks Technologies,DE,Faisal Reyes
b19d49ea51a21581e30e3c9c643330ec,SableWorks Industries,UK,Tomas Rossi
1fb3f73be5301f2d3e96dfebc0bea38c,CascadeGrid Solutions,UK,Chen Kim
7cbf3fc134d27b2f9487b2cd00063890,CedarLogic Group,US,Priya Novak
1202d0ed25d60e183b9ea1a517357116,TitanMetric Co,UK,Faisal Patel
5e7b56cfce12654a9e186286f6d5c18c,CrownLink Technologies,BR,Diego Larsson
003451030d3352b4d7bf5d16124c84f5,GraniteTech Solutions,US,Sofia Haddad
d6a3c89bc3841d807f62a2314097f0d0,DeltaWorks Solutions,BR,Sofia Larsson
f53349c8307b97beacc069b1b79892a3,Standard Analytics Corp,SG,Elena Duarte
e77c4cacdfa153bacf9c058e1a31f202,NovaData Global,DE,Hana Andersen
42cee16047cf27377510002f2b8dc917,TitanDynamics Inc,US,Tomas Mbeki
043241216faa9ae20a94b6e4aa7722ed,VanguardLabs Holdings,US,Lucia Duarte
3eb648fe67de83b904ecd1962f5cf1e5,QuantumWave Industries,DE,Diego Costa
3bf39794fcb3fa57d1cb4bcd9cefae55,VertexNexus Co,IN,Hana Duarte
5b8a94bcf48ef97c8efd7cf4b7344ac0,EmeraldGrid Technologies,UK,Mei Moreau
d4dfbe5edc6a0396d12e92bd37f142dc,MeridianWave Technologies,DE,Faisal Walsh
05c70e2b6c55a8e250b2662be6b15c33,BeaconGrid Partners,BR,Omar Costa
d338d8641dbe4a295424e50dde932c25,NovaCompute Co,US,Faisal Tanaka
2f562c417804c0a78a60756aca9fd3a1,ApexLink Industries,DE,Lucia Patel
768fd1a8f561a63bb8a64cfd3ed4a4de,UnionLink Corp,AU,Liam Kim
e6dcd9d34f84ff1937f74ddecd2a0f90,RidgeData Systems,DE,Lucia Duarte
762a99c671c92ae403f68f6f007549a8,CrownWave Group,BR,Sean Tanaka
447428f097b69bb11692a463e90f9c9d,BeaconSphere Co,SG,Noah Patel
58368f30fe9e8435a865ce80eb1c3e0b,CopperData LLC,AU,Chen Reyes
fe9a938ffa9a599ca812a4f19e764de8,SilverVision Partners,BR,Noah Haddad
6f7a8aac0858f80b52514ac5f3de9e14,VertexWorks Group,UK,Sean Okafor
64bb1016be120f64992a73a55c219d8b,AuroraSystems Holdings,DE,Yara Nguyen
92a2deec428ae7d9bad98f0e04d0af4d,IronVision Co,DE,Faisal Khan
029b9a0ac24a2d8fb6363faa361360a9,CedarPulse Group,IN,Yara Costa
11bbfd0af41bd27daffa1d525325089e,CobaltNetworks Corp,UK,Aisha Khan
03525f3ad18ee592e320f32bd87ae40d,CobaltDigital Holdings,AU,Aisha Tanaka
47bfd4445377802d6f2fc4ee05110ebb,NovaForge Technologies,UK,Priya Haddad
2382c8e25ecef2135bc33e6c3fc8884a,NorthDynamics Group,SG,Yara Larsson
b043a493d655621493a5f3521df3485f,PacificSystems Industries,DE,Nadia Kim
bf505637cdb431fb997975ca513e7c10,ApexVision Corp,SG,Noah Larsson
48f67d77cb86a3f04ffab2e6dfa8e436,NorthDigital Solutions,SG,Noah Kim
9c1e92ba633f96eb05a5211ff8fc2753,AuroraLink Group,BR,Diego Reyes
c679caba569fec2d0359fe3950c07da2,PioneerDigital Technologies,IN,Yara Walsh
05e466c3819bc83be0ffcbe029275478,NorthLogic Partners,US,Omar Walsh
8133cdd44c7aea0eeb9120a4cca82e75,LarkMetric Industries,DE,Lucia Kim
64af2251fc3b8e36add03020006e656f,BrightLink Industries,IN,Elena Duarte
4c33646769a77da97af5410b9717be54,Consolidated Stream Co,IN,Yara Andersen
59e211f74d65c0afcab6f10919b866b1,MeridianData Systems,IN,Sofia Reyes
9fcb34d7c268e9de6a0880a36ebbd0a5,AuroraCompute Solutions,AU,Lucia Duarte
621d938370d474d817d50277a1967cbe,KeystoneWorks Global,SG,Elena Mbeki
4f024607db4184487fbafe1f453459d2,VertexNetworks Technologies,AU,Diego Walsh
88b209986fac02e8d674cecbca0ffaa1,KeystoneLink Systems,DE,Diego Nguyen
10cd24b8a2b5e976239e24072f005271,ApexStream Co,IN,Ingrid Walsh
609407fd1e8c5c8af5b7e9c109820e4d,BeaconAnalytics Corp,BR,Mei Novak
e4fc12c8a18c744b3feb7fd81a6854d3,AtlasNetworks Partners,BR,Lucia Costa
b240fe8fd59d08040cc2cc85b79a3ba6,DeltaStream Technologies,SG,Faisal Tanaka
2f41262fb86aa0fc8faecc8fc5abd86d,Pan-Atlantic Dynamics Group,IN,Hana Larsson
c071289980c47e823afc3760d55fcc1a,BeaconLoop LLC,US,Hana Rossi
eacd4f22839a3cc922dec3b3b3f52137,ApexVector Partners,DE,Kwame Khan
4bf2210e897857de5db08f88bdffe98e,VertexLogic Corp,AU,Omar Andersen
0484cea6c7a01ad931586fc22352510d,CopperPulse Corp,US,Sofia Costa
d6164a1e14e88a0a65fdaa987ab552d2,VanguardMicro Corp,AU,Hana Silva
974a3be7d36eff2b200010b90efbe5dd,PacificPulse Corp,BR,Yara Novak
7bc486ef52084a1034ec1db8d83b29b1,CrownData Solutions,UK,Nadia Novak
78cd619f25375541301b0f34eecee4e5,CopperNetworks Technologies,SG,Noah Andersen
5c2e01d365c4bde97efbd6c84ee840e5,MapleTech Group,AU,Chen Tanaka
44611edb51a2d2790eb868480ab532da,BeaconCore Industries,DE,Elena Moreau
07825e9ac25d0cee7235adcd65193f7d,GraniteSignal Holdings,IN,Mei Okafor
41cf57807b55e2e09151803a7350db43,Consolidated Metric Solutions,US,Sofia Rossi
5eaf6475daf2898929034e8435029da3,UnionGrid Holdings,AU,Elena Moreau
25c35032f10f8f6949d557b166ebb469,DeltaCore LLC,BR,Hana Novak
cef2bb25f33bb79318a1bb546688401e,SterlingCloud Partners,IN,Yara Rossi
43727d86275ab49722bb2005672ed4a9,DeltaFabric Corp,AU,Ravi Novak
7e6b909b8d44fb2c5d8a83e349bb7368,QuantumNetworks LLC,DE,Ingrid Mbeki
cf7405b74352d372f70accd954e29495,AtlasLogic Holdings,US,Aisha Rossi
4d41f38606fcf7d29ed7ddbec4c2a725,ApexSignal Solutions,IN,Lucia Mbeki
1401050e2875951f3fb0d8139bfbb97a,AtlasNexus LLC,IN,Sean Nguyen
628e77f3a9867ae5cdd398176cde808f,KeystoneNetworks Corp,IN,Priya Kim
7e8aac3b409c8ec10ffc014ff8bc5187,MeridianNetworks Corp,UK,Ingrid Khan
cf0fcbf163ad99f81b6768d246c4210e,CopperSignal Industries,DE,Diego Larsson
18b96a6cf54fe5a7d2e83689d87138f0,VertexNexus Solutions,SG,Nadia Silva
9582a66e79ce99e692cecfb7b972b973,Consolidated Stream Global,UK,Kwame Walsh
7fcaef9ad7034c09d1602c504461aaa2,PacificVector Global,IN,Omar Okafor
b9b304096c2b6b07f13a1e9bc52c30d0,CascadeLabs LLC,UK,Ingrid Costa
870cd9ffd95b564a68ed7746ac5d51cd,Pan-Atlantic Byte Systems,IN,Elena Rossi
8b868290140333184f445421b13606f1,LarkStream Global,US,Lucia Reyes
b80580c21728fa3e035a89aa6c0f136f,BeaconByte Group,BR,Omar Reyes
b9539e3d13857ed47bdd01af859a8b57,QuantumLogic Industries,US,Nadia Tanaka
d5367db5b647c946487ebb97004be3ab,TitanNexus Partners,BR,Chen Costa
d1319412c1d0f7460780d81acb63402d,VertexSignal Corp,DE,Tomas Andersen
22ad22f1cfb64ce92426686edaa33df7,PioneerMicro Partners,US,Aisha Tanaka
1d7d88c253d455a52af7fd7546dcf082,HarborLoop Technologies,SG,Ingrid Rossi
4409095810a187a1d5eaee1aee90fc79,HarborDynamics Group,DE,Ravi Khan
bf7550e0f42129bcb11616a5ab5b64b9,OrchardDigital Technologies,BR,Sofia Duarte
d7d0b9ca5a99cd162b70d436a125784e,SableSignal Group,UK,Noah Khan
bf0958c21c55d387f5917106abb38178,PacificNetworks Corp,US,Elena Costa
ffed7a289a9186f065ea72c9c02a92a7,BlueByte Industries,SG,Sofia Novak
de9e0a64e9fa50e0bbe7148e6f2f3bba,BeaconLogic Holdings,BR,Ingrid Silva
acfab50531de80634bbd293a8b8984e5,SummitCore Solutions,UK,Aisha Kim
327fb34ea3ee3141625f803a3bad7c5c,DeltaForge LLC,IN,Tomas Andersen
8f3a6f9242fd219b687e5bab5927669d,VanguardFabric Partners,SG,Sofia Rossi
0322735e1677ad17069d50e9b17870ea,CopperFabric Systems,AU,Nadia Reyes
50cf1cf50eff8e2ca89554560a210c5f,Meridian Sphere Solutions,IN,Faisal Duarte
5721952695ffddce95f40518bbd5176a,KeystoneSignal Technologies,SG,Mei Silva
fc3db2431ccf79eddf6649a388eee331,HarborStream Technologies,AU,Faisal Novak
b52e0307403b18152098f312a229a8d4,QuantumWorks Corp,IN,Sofia Patel
e0f0c456ac3a29961f67c24c090e8486,DeltaMicro Solutions,BR,Sofia Tanaka
39405027d4df65f5782b1f128400c16a,AtlasNetworks Global,SG,Omar Novak
65bf9886d61769a837672f2430c7beb5,CedarSystems Global,DE,Yara Okafor
5642d4562751dce23f8f3440a8a0b43a,PacificGrid Inc,AU,Faisal Tanaka
c02644f464ff056d2cc381a6552f21dd,OrchardLogic Corp,UK,Tomas Andersen
90cb4716b0f205335e883d6c4649fea5,PacificStream Co,SG,Mei Nguyen
275bda2139748deec11e8e84fa9ae43c,CedarGrid Group,IN,Kwame Nguyen
1ad86f154c1435819487e4b0e54075a0,CopperStream LLC,SG,Tomas Silva
59f0b9f5124b6a4ff84907d065cd2310,UnionNexus Corp,AU,Tomas Haddad
eddb9bbe5d2bbbf13e7671d53cad829d,LarkNetworks Corp,AU,Liam Walsh
f6e43ab2b8d107d3bd0d7a8112f25c1e,SilverNexus Systems,BR,Tomas Andersen
ea2494d89ccdc8448a22f67076b770dd,OrchardWave Solutions,DE,Liam Mbeki
f50c9b588ae61c5cce5762ee4f10aa39,SummitTech Group,SG,Priya Silva
748698bf64ae8d7302c8a71044b6a110,CobaltDigital LLC,UK,Ravi Nguyen
a398bc932d9fc0f100bcd656f96143b4,MeridianVision Corp,SG,Yara Novak
29022169b1449311c2bc0d77ed0e9e8d,RidgeByte Group,AU,Yara Costa
5b5264c93f840337408f83255978c644,NovaTech Inc,IN,Sofia Reyes
9da3a48f3e9b915232f56478fa39fe5b,SilverLoop Holdings,UK,Sofia Kim
5e77c1a5062ba4424f02a06ee6ed27ee,EmeraldCloud Systems,US,Yara Reyes
a11bc25d039a55202f121f0f7b0b7587,SableTech Inc,BR,Aisha Silva
ac402c8a6a576c649b34c949b4df63da,CedarDynamics Partners,US,Elena Walsh
1a4a04882c27f701bfe0bdcaf944ad63,SableLabs Industries,BR,Priya Silva
6e7a74c8242db7355e5c132a0d2fa53b,GraniteAnalytics Solutions,US,Faisal Duarte
80b68341f25632d44e764d2c3b0d7c77,AtlasSphere LLC,IN,Aisha Moreau
e5eb45d5f0b7d0e503c09a214e487014,TitanSphere Global,BR,Nadia Andersen
16eeafd9b5807668b1ceab7b784431cf,BrightLoop Holdings,UK,Sofia Reyes
b74c4da37187b88e9e2d04197e024f3c,QuantumMetric Solutions,UK,Diego Mbeki
5d69aece2ffdedc225cf39655e9296f8,QuantumTech Technologies,IN,Liam Nguyen
ce02e15fb5c7747845abd3498a117a54,CobaltDigital Partners,IN,Kwame Kim
05536636fef38fb130081a335deade8d,CobaltLoop Technologies,IN,Kwame Silva
9c3354ab933bdc6094b8934de7737a54,SterlingLoop Corp,SG,Faisal Novak
fe2c169d8ff00bd68f71b83a68161077,OnyxData Corp,IN,Priya Kim
00393a3a361545dd11d2a5feb77d00a5,Helios Soft Partners,SG,Mei Haddad
0db81f57c5ca38d4b0344ae9059b9aeb,IronSystems Inc,SG,Sean Moreau
b536896753782834a8244fa1a85ef6cd,KeystoneWorks Corp,UK,Kwame Silva
7fe0acae8772f67245ad12c1c8cfe34c,CobaltFabric Global,DE,Aisha Tanaka
068ae70b98a7f38b3286312a2d0f9984,ApexFabric Holdings,BR,Chen Mbeki
a8ca228a7721a5cb4a949dd3c168040d,DeltaCloud Co,AU,Faisal Tanaka
83b1212f75b00f5e4d9e42d93fdeda60,NovaLink Global,US,Chen Costa
ee78272c1cbd2c61ab0046c57647a02b,OnyxVision Corp,AU,Nadia Tanaka
65be699cc8fccc8111c1e145d697c794,SterlingWave Inc,AU,Faisal Moreau
956294149b385de59452ae25174337ff,PacificLink Technologies,BR,Lucia Okafor
bef0a40ae2cddac7ed2a2c38fbe27704,MapleVector Partners,UK,Tomas Larsson
05da0ee5304bd60cd5d9da2d99e0d54d,SableStream Industries,BR,Aisha Kim
3aa54c7494ca46f7a7347c47bba1668a,OnyxAnalytics Group,IN,Elena Khan
a2ee065ee290aa8a2af5b5c1c795107c,MapleAnalytics Group,US,Kwame Duarte
d1c0c2a1cce13c8cdf769dc46ab3413f,TitanGrid Group,UK,Diego Rossi
e73f521079d3f631492c9a4e2bad3a18,GraniteSignal Global,BR,Sean Duarte
dc436b50dd2a5e5501f0e62c0f2bac65,TitanSystems LLC,AU,Ravi Khan
ea55059d8c963638f3b3b5e60b63cf48,AuroraMicro Global,US,Chen Silva
05d25e3d7331b0079252d4e556ea7b62,VanguardVision Systems,UK,Ingrid Kim
1671ff051940152e9b1e88bf7746f9e6,KeystoneLabs Systems,US,Faisal Patel
a81f7510d2a529a5d0900e6202670666,GraniteWave Co,SG,Liam Haddad
4b95e0c3fb71b5e9a3d0740c72fc80ae,CopperStream Global,IN,Diego Rossi
e1f3feb91963ab92d65ec0bdcffd8edc,IronGrid Holdings,US,Chen Andersen
a54e9e746a097a266898ef85c864bcee,TitanFabric Systems,US,Mei Novak
52c71422570b514d2babd68f94f9b7b1,LarkWorks LLC,BR,Elena Khan
2355063651047919ba865e601bc81a60,AuroraVector Partners,BR,Nadia Moreau
78d22193acc3b4636e112e6cfc9faf49,SilverFabric Systems,IN,Liam Okafor
449891186672cf054dd846c2506b54d3,DeltaLoop Technologies,AU,Kwame Nguyen
44e7846e889499f63035b7f88d8d5973,LarkPulse Systems,IN,Hana Okafor
a6c34778a0c35006acae2beeffc5c9e5,ApexAnalytics Solutions,AU,Tomas Larsson
0316561190f8d87d1093585e036aa1a1,PacificFabric Solutions,US,Omar Kim
52343bd95c3a93b127766de0a713019a,BlueStream Solutions,SG,Ravi Kim
a34c0e46e59cb80fb0f9f9c6ccd620b1,CopperNexus Technologies,DE,Chen Costa
b8b1ce89a7f6703b058804bc1af76a3a,LarkSystems Inc,IN,Kwame Nguyen
1677d17f79b190f832c746ad0d2055ba,CascadeCore Global,DE,Ingrid Moreau
d830e2621d581ffbfda8c3061fb57252,Meridian Core LLC,DE,Elena Patel
af449fa573f4186f5da41523e51b67ad,Allied Analytics Solutions,AU,Priya Novak
4956a8eb8c6109b583418a89b6421044,SilverWorks Solutions,US,Yara Costa
1c84e6003a2ca8e77f32a6ff165cf7b6,TitanTech Holdings,BR,Ingrid Reyes
d82865c60f16f331c8fe4a8ed8663d91,DeltaPulse Group,AU,Elena Andersen
933b7197a181b01d82d007fd01096014,Pan-Atlantic Micro Corp,SG,Yara Rossi
71b3e5c46a0a91e6c207cb0633a3576a,ApexMetric Holdings,BR,Tomas Tanaka
ce3d879ffbcf479db8ce9443d50745a6,CascadeStream Global,BR,Mei Okafor
4a0b7c939626d05c48d6f0fba9b87566,MapleWave Technologies,BR,Tomas Reyes
830e832c4110bae792f4dc8ecfbd8f9c,ApexMetric Global,SG,Kwame Silva
3c1db740d1407d0aad36029730e3c51f,BlueVision Inc,UK,Mei Okafor
6b615908a8d316b187bd10695d72fea1,DeltaStream Holdings,IN,Liam Novak
a9962912d07fd72ef6d3c63d5ece8df2,BeaconPulse Industries,AU,Ingrid Duarte
8428b91715bc5d480cd79a5f1426593e,VertexMetric LLC,UK,Priya Novak
24eaaa940124d517bc1b1f5058b32e87,SilverLogic Partners,IN,Ingrid Nguyen
05f6ca29d19b8df08842f03ef7b3a2e1,NorthDigital Global,BR,Sofia Tanaka
d506e97a2a28565f2d970682e66e2ea7,Helios Labs Solutions,SG,Omar Silva
dc7004d5eae94d3ee58cd93fa5090eee,SilverTech Partners,IN,Mei Tanaka
d1e3ebc7c8578166afc91b0a1b2715e2,RidgeLoop Inc,DE,Nadia Silva
d52bbcbb3e7d444e67e12a14e8352c00,IronSphere Global,SG,Ingrid Nguyen
0ae3fff0176859501d557d4ae0fbd27b,BrightData Global,US,Lucia Walsh
212eb64398db484a24536c9eeda30a7b,NorthData Co,BR,Mei Costa
bd39ad0b68b377bd877c70a2b7253db5,MapleDigital Partners,UK,Tomas Mbeki
ae640530c6749e7cfe6d96a5358bbcf3,TitanStream Inc,BR,Yara Duarte
e6faa5dba0706f8695312fb62a16f1f5,TitanPulse Corp,SG,Aisha Mbeki
157088f8dc312cbba9b9605f8b25bc87,HarborCloud LLC,UK,Sean Reyes
0de4593c54d0d4c7f6c8e0211b7d3998,CopperSoft Industries,AU,Nadia Andersen
add0452f09b4d9f92bc082b8157db020,NovaCompute Inc,BR,Nadia Walsh
236e11b0905c0c77b5ace2d99b7a9f1e,OrchardSystems Systems,US,Priya Haddad
4339c7df2bd072f64af5fda84dad676b,PacificDynamics Systems,BR,Lucia Kim
22153d42211be22b57c483be4cd38383,HarborSignal Technologies,IN,Yara Duarte
60e1b4b57807f85b09b01e41a71795f4,SableSoft Partners,SG,Noah Walsh
31fa4c2ebf761cfe0a9dbad486dc98f9,GraniteByte Technologies,AU,Omar Larsson
d8ae7eec01c2ea9fd85ec224fa2cd61a,CobaltMetric Inc,UK,Tomas Mbeki
11aa159e646b6ff9713eb807c45bf4a3,VanguardDigital Partners,IN,Elena Tanaka
bf80a4407820a7e21e9ec55c9c700691,MeridianSignal Systems,US,Lucia Moreau
e1949635314396d80bc1f44443925da1,AuroraLabs Technologies,US,Kwame Walsh
926227fe471a5f82853f3bbddcd3324e,HarborWorks Global,AU,Diego Kim
3c689ea832d063036243c252bd0b19f2,PioneerData Global,US,Elena Haddad
8a3691ec5cd2909008553478a8232632,ApexData Global,DE,Yara Patel
868d310342e3443658e03d95743f6088,Consolidated Stream Group,AU,Priya Silva
6908bee3de38a3407b4a6b93222f4b5e,SummitWorks Industries,DE,Omar Rossi
7e9f536fb21b148f48f04474b07dee65,Meridian Digital Corp,DE,Elena Larsson
f4fb3bd402a05a256cd93e4ebb94f097,IronCloud Co,IN,Ingrid Moreau
150e2ddcc5a7834de977e69baaf97e88,NovaTech Industries,US,Yara Nguyen
e5c27cc823159c28bce3b8c9dae1ea51,HarborCompute Co,BR,Elena Okafor
b592bf80f10cbfdd8083090a952ce250,TitanLogic Technologies,US,Aisha Nguyen
cfd974449eae9fc1bb4354aa91d362d8,Meridian Nexus Holdings,UK,Lucia Okafor
ea95359f509520b3ba310bb89741108d,SterlingByte Global,SG,Ravi Novak
968e63fcb95894882402300bf2958a81,SterlingCompute Holdings,DE,Chen Patel
37bc8d4c1b06594455c583417da9097c,MeridianPulse Group,IN,Sean Costa
b14e4934c845c1998e402c2d2638d236,BlueFabric Partners,AU,Ingrid Andersen
a7d34ba1dd65fcdbb6095b12df3c4e17,BeaconVision Systems,SG,Sean Costa
794b161724fe7c91502747064892cb20,AuroraLabs Co,US,Yara Patel
0f07106c4cb6b176f4f7d11fc97fddb8,MeridianDynamics Inc,BR,Kwame Silva
40f2ffb7a7899241f2e8644c57e99a28,NovaByte Inc,DE,Priya Larsson
0dd8bff9e78c64f68fae07ce5e51b166,BlueLink Systems,IN,Sofia Andersen
61e4678a9d2525fe375725be8fc77792,NorthPulse Co,AU,Sean Novak
cda85a1c6f88278f66498709d4adeb56,CascadeLink LLC,DE,Aisha Kim
6c711da52bbb306c608b1801a4c90510,PacificWorks Technologies,US,Nadia Reyes
d40764f8e9fb4880e455c9cd146832df,CascadeStream Technologies,UK,Elena Kim
4b815c0bb0e676e44407dccc2e001cd5,Standard Networks Industries,DE,Hana Larsson
1e1fa81a4b767ce6271d4af13630f080,NovaNexus LLC,UK,Elena Novak
53726c2a965b455d2d7a7c7cf48e31bc,MapleByte Global,US,Kwame Duarte
eb5f91913644effa721ff66a82f7094b,PacificWave Solutions,AU,Lucia Rossi
3c82c8ad12ccf3e8b6c15d59caf97f3a,Pan-Atlantic Analytics LLC,AU,Tomas Rossi
6cba860063b10dcf38556a5c51669e8e,BrightFabric Systems,DE,Elena Andersen
4748622f615b4f228db77b971c5babb4,SterlingVector Technologies,US,Aisha Costa
19229e835ff62cb647819264e7c161e6,HarborMetric Group,BR,Ingrid Nguyen
4df7b85687e3356c25f4e7617da07f1e,IronSoft Systems,BR,Faisal Larsson
0a976523db5add5b88a0c981af79a67b,DeltaData Partners,UK,Mei Silva
6e5489ab34e36d24125102ebbc07d3ad,VertexWorks Systems,US,Hana Larsson
8a736284d9b25b55b0c02781d1b4b02a,SilverAnalytics Technologies,US,Ingrid Tanaka
74a7d38e070be6753e48f03c4c9c34f3,GraniteSignal Systems,DE,Ingrid Haddad
d98ddc2975fcc397dd060c57b22ee793,Standard Dynamics LLC,AU,Sean Tanaka
cbb5ef02d0d7eba2552f7ccd59bc12b1,Helios Loop Holdings,SG,Priya Okafor
e90c832e9d7eb44bd976e06ca0d6b07f,SummitWorks Technologies,BR,Priya Moreau
730a36486c64b4eba068db546cdc3cbe,GraniteDigital Technologies,AU,Sean Okafor
3675907a84223860259c765fde6a14f7,EmeraldGrid Partners,DE,Chen Duarte
bf05f0472d6ff87fbb68bec2edca70f7,AuroraStream Technologies,US,Yara Haddad
9001d6855c9975bc5dc5c5ce8500899f,NovaStream Corp,BR,Chen Nguyen
fc447e6b8b3ae07ff5037be74332859c,SummitSystems Global,AU,Liam Kim
2fa598df3d13dc1f6e872ad65cd19cbb,AuroraLink LLC,SG,Yara Patel
6cb19615e11e88c331f6822f26f09f6e,RidgeTech Industries,AU,Aisha Andersen
06d039f8c36af14690a2df31f0a283d9,QuantumCompute Global,UK,Ravi Khan
ac16408fd80b8e45a84765c9058783f5,MeridianTech Partners,UK,Hana Walsh
9f6bce6addb90496ce52ce41b90384b3,OnyxData Systems,IN,Mei Walsh
cf5766ef08ae1caa8cc58bae2b6ec9f1,DeltaLogic Co,DE,Faisal Reyes
71371fd7a70a1abb2649dcf3be5aa8ea,KeystoneCore Holdings,US,Sean Kim
25236bd89e5867da644fae408a57ad8d,GraniteCloud Co,US,Yara Rossi
bf5428afe78b531257d2d0f934a93289,VertexForge Group,SG,Ingrid Kim
24b728851240000020e85ba0d8f9754c,SableStream Technologies,SG,Priya Larsson
202b17c0cf531e78fa7113864a858b92,MapleGrid Corp,DE,Kwame Tanaka
702a6a358fdeaa0bafdc7070c25ce656,NovaSoft Holdings,AU,Elena Rossi
20021c5fa68f8c409815d9a845897f34,BlueAnalytics Holdings,IN,Elena Mbeki
0752536381ae2c0348d350ad639741c6,SummitSystems Partners,SG,Elena Khan
81f481c975f1e01fa9285de8050e5ea9,NorthTech Partners,BR,Yara Larsson
96ec71efee3610217a6aec0a6967425d,SableSignal Technologies,DE,Priya Duarte
f5a02b1b06ccf2b0060cb4b6e46bf605,NovaNexus Industries,DE,Liam Nguyen
455b4de87d4f36e980e8632b56c23663,SableForge Holdings,UK,Nadia Okafor
5c8a2e840e0d2681e3f57cd0e8cfdb4b,RidgeSignal Group,DE,Tomas Novak
2ec1ebc1d95cbc5d554179c0f0713345,Standard Vision Systems,UK,Sofia Walsh
64d3f4d1ac582af6c17a2a20a3854358,UnionSystems Technologies,BR,Sean Silva
966e21ded90b2db4845cdf175c6cf2f9,SummitNetworks Inc,IN,Omar Nguyen
b0f27ec7b007077756526cb2163550bb,DeltaVision Corp,US,Omar Duarte
544356dcb365edfef7d92040a1800ea1,LarkLoop Partners,DE,Ingrid Khan
e47149751122a2680f15ee4ae9b3c7e7,NovaSignal Global,BR,Nadia Silva
f17e912b5e2e369b354c4f411df31858,GraniteDigital Solutions,AU,Tomas Walsh
5399b13508e9798e4b02461a81ace65d,DeltaMicro LLC,DE,Nadia Larsson
801cda2c7cb8553d368ee4462ec67ace,BrightVision Co,BR,Noah Khan
71ac30b6341179baee0fe6f1620b055e,MeridianByte Technologies,UK,Yara Reyes
cedfe76cee136e273220e109de69ca3a,OnyxLoop Holdings,US,Omar Tanaka
90cc93b2afe477140cf753a6e3800f7d,AuroraForge Co,DE,Elena Duarte
2a39eed547d66b7c0c36dc26e483f81a,VertexCompute Global,BR,Noah Novak
60ffd3ea492e0cc350e03de39446895d,Helios Core Industries,SG,Nadia Reyes
87124f5245f39bc329389bf1466e1b89,Helios Networks Holdings,DE,Priya Duarte
efc7f7168f2720c9987a5a09c8a6af36,TitanCompute Solutions,UK,Priya Rossi
e60e77684de3a2cae00457cbdf3e2183,SableWave Holdings,AU,Nadia Moreau
7658e4ae562e4f29e096197ae6a63f23,VertexData Systems,US,Ravi Larsson
059280a64e71fccba798090c1b6f7a45,GraniteSignal Technologies,UK,Chen Rossi
212fa359f99f85c18e1559bea2b20ed0,Helios Signal Group,IN,Mei Nguyen
19ed997b02cfe9c6e4773ef73b3cb154,PioneerAnalytics Corp,UK,Chen Moreau
4cf04b77483fa0b42889fb0f210d6cae,SableDigital Global,US,Aisha Kim
47d5e596820c8a13a52eb35a1bee626a,CopperSystems Systems,SG,Elena Moreau
1561bea7466c0e5a319f02bba2a366d5,Consolidated Logic Holdings,AU,Omar Khan
bb3d955700882d6ae6991f4846994346,GraniteForge Partners,SG,Noah Khan
ce5eea424f6000b4cc66a5e25c2af12d,MeridianLogic Global,BR,Nadia Moreau
e05f9345440da25cda3bea4e1afd22a9,SableGrid Systems,BR,Sean Andersen
fddf91e24c212f7500608fd4ec1bfaff,KeystoneLabs Global,DE,Liam Larsson
bd66e933f35898766d8587e702d6bb3c,EmeraldWave Group,BR,Lucia Kim
d4f4431c4543520683dab12393c28b03,LarkWorks Inc,BR,Tomas Duarte
6b7aabceb0732fc06ef4b801a3814060,BlueLink Holdings,IN,Mei Novak
def63a6239a6cfc29a80026e38098a3b,CopperData Technologies,US,Sean Reyes
65dab192fc487309193b3df2f019d018,BlueForge Inc,SG,Kwame Novak
2d4678ac74a0742d679240dba373662c,CascadeForge Corp,US,Ingrid Larsson
48523695015ca126c30e489ab0132f25,AtlasVector Technologies,UK,Faisal Khan
f372375be22712eb9f0e647d0d052868,MeridianData Solutions,US,Aisha Larsson
12351bf4c1bf8fafe6a18080231cba77,DeltaStream Industries,IN,Elena Costa
5bf73fbe7cb55456bb2e3b114e2b9874,AuroraWave Inc,IN,Faisal Nguyen
1da93268a3a3fcfb4cb82077cb493d60,VertexSignal Global,US,Elena Silva
94f79c9a5eade0caf5ab949ea1f9a192,VertexLabs Inc,DE,Nadia Okafor
cbeb1f9fa0830d1cf8f4924519315dba,SilverWave Group,SG,Chen Walsh
9aa17e4ee22dc7aff0137e6ab2bc7261,BrightCompute Systems,IN,Yara Walsh
c97da957f07770b42c8c4eca2e5f7ab3,AuroraVision Industries,IN,Sean Silva
d37c1613d8883e35ad7af7ca4a3484c5,PioneerLink Systems,US,Elena Silva
b22e64d89f974e9120c8fb343052d077,CopperCore Industries,UK,Nadia Mbeki
3f44b60ad70e8e29c67cb68d4561a0a4,ApexSystems Inc,SG,Ravi Okafor
9ffec34910570eab4fdf7bbd80be6b83,IronNetworks Systems,IN,Noah Moreau
ac2bb20e01c5aa54f6d42ccd259821d6,MapleLogic Partners,IN,Sofia Tanaka
0f0d83667b8cb483c383bc6416ce3b59,SummitData Co,UK,Faisal Khan
f72b7c1472e8f498a5837c11bcc56b80,CopperCore Group,SG,Liam Costa
0f4ff6776ebfdcd77bd1a8f0788601d4,PioneerWorks Partners,UK,Elena Larsson
7b8f5bd6d6e9bfd90f9a2894721562f3,RidgeForge Global,DE,Yara Andersen
2e0a9ed291d45d73eb746c1605ce5933,CopperFabric Global,IN,Mei Khan
1e0dbed3bbe38059eaf86de084d8aed0,BlueVector Corp,BR,Ravi Haddad
10fa49d78a5d9dd3c031bdd4d404e44f,MapleWorks Co,AU,Diego Patel
0be8397cbf39731d926807cbf6c1eee0,CobaltLogic Co,DE,Sofia Moreau
940fce557baeb14a7c015ccf280dfd35,AuroraMetric Group,IN,Priya Khan
509a818dca01f170e83b1646c0bd24ca,VertexDigital Systems,US,Liam Walsh
388f65876f43b589281cce2e123b207e,DeltaNetworks Holdings,DE,Faisal Duarte
e81f0110733db419431a8da45c132c0f,SableWorks Co,IN,Noah Okafor
7f68bdb3e5661dbdb25a461673e4de7e,KeystoneAnalytics LLC,UK,Aisha Nguyen
44666b5f9d6322d2eb2f1c9b94457327,MeridianPulse LLC,IN,Aisha Kim
38244b6e4603edf872f7b8bc41a13595,CascadeDigital Partners,US,Ravi Moreau
eedb70f5e9a668fd0bd13126e2d27f06,TitanDigital Group,US,Priya Larsson
0bd578e607f5806499c501dabe2a75f8,Meridian Sphere Global,SG,Noah Duarte
3cbdb42357eb084edb05b65be896f889,HarborDynamics Holdings,DE,Liam Walsh
1afcaf4aef5ac0304c379b80fb9b73f6,RidgeCloud Corp,AU,Yara Mbeki
43813171c5b1835ebae6ec4c92618985,SterlingAnalytics Solutions,BR,Nadia Silva
16d1c8dabe59720faafa273bd5b7cd4f,VanguardNexus Holdings,UK,Lucia Reyes
1c926db5c84339a0c8e2ce6b7cf6ec08,AuroraWave Technologies,SG,Lucia Costa
e2a21e22256605290f1f77da3795bdfd,MapleMicro Technologies,SG,Chen Patel
7cdd3f43dc16bf32e55dc29ea4a277bc,GranitePulse Group,IN,Noah Kim
93933588ce5679b45a6e2d2d5a044a90,CopperDynamics Inc,DE,Omar Novak
691b90c2bb0e0d4d737b92e640a8983d,Helios Stream Global,IN,Diego Haddad
280fe0c125114ab737720119b1ca2a3e,Consolidated Nexus Partners,IN,Hana Khan
bcadeef0b9941e7c8306402d755fa756,SterlingCore Group,DE,Ingrid Patel
179994f9a17357a80da9d93141f7a494,KeystoneMetric Corp,SG,Liam Larsson
accf73b5b8f75454c0886a2a5961f66a,VanguardDynamics Systems,AU,Chen Tanaka
181659dbd82fff46864106d1021ec440,OrchardWorks Co,IN,Elena Rossi
702140d2405958ad7327c7019a9e01c1,AuroraMicro Corp,US,Omar Haddad
93f9eda652c2381b60b6104436ca8fb6,Pan-Atlantic Vector Group,SG,Omar Silva
5f1b81dab244bde4375d3b191b0697f8,BeaconDigital LLC,US,Noah Costa
3214e89b51a234b35f7c6c1cf091c4e5,AtlasStream Systems,SG,Yara Okafor
a426d7a30f71cb6071102e13309c37ac,LarkCore Systems,DE,Omar Reyes
b5f0d04233d13ffb0565fabb89bc1985,CrownWorks LLC,DE,Aisha Rossi
89810787aec687670f32c4d0b1b69bfe,SableSoft Global,AU,Liam Khan
19cacfb88ceceaaa55471053566bac02,Helios Networks LLC,AU,Yara Okafor
b5c9a0c141b5ead17901c3581aef4b8a,DeltaDigital Co,BR,Liam Walsh
6a188bbc3dcc4722a52252dbc82673f9,ApexLoop Partners,DE,Priya Khan
c0069e256eac3edd862d230613f38239,MapleData Systems,BR,Chen Haddad
58a31fad99e347af883d224a0c2d0f46,NovaPulse Systems,BR,Priya Kim
424faf190322b3b1a4421b1c89b43c8a,Meridian Analytics Group,UK,Kwame Duarte
feeeba8aab77c84a073a56338bef3a6a,QuantumSphere LLC,BR,Hana Larsson
f8bb5a8b8ca5eeac10fd27fda45ccfed,CopperLogic Solutions,UK,Elena Tanaka
ef73b037ebdc965436855bfedd5d1702,BeaconCloud LLC,SG,Nadia Rossi
e5fafef2aab368428abc90673a5d6fb2,DeltaLogic Systems,AU,Yara Duarte
12b91f029efc4dfdf412e6801afece3e,CascadeMetric Co,DE,Sean Kim
2c0f32f8d3727c0db5acc6253b426917,CascadeMetric LLC,UK,Ravi Moreau
9d1db3086e608262c0b9e7b57546970e,PioneerData Systems,BR,Kwame Costa
9263cec67208b0d10a785ce71f91888c,BeaconDynamics Holdings,US,Ravi Walsh
b9647b9ed3844a710db7a6b76f7de5d7,SilverDynamics Group,SG,Nadia Khan
d0f9718a6e915db77b2a2a9a5ddf8948,SilverVector Co,AU,Sofia Moreau
1e75f7ccb35927074108217743d85f5e,IronCloud Inc,BR,Aisha Walsh
a6c10d067a04d7ebdcf0d49fcade7226,VertexLabs Holdings,AU,Sofia Tanaka
7af34132afd6c1e70dcaaba15a555aee,SableSystems Co,BR,Liam Larsson
823764921c7b8781c397909bb85df5e5,SterlingDynamics LLC,US,Yara Khan
15e259097f6a157ca8841a36ef352945,RidgeFabric Group,SG,Ravi Nguyen
0ad3768671fce79db53047dea0c11fd6,SummitVision Systems,AU,Omar Mbeki
f919ce8db5fafcdc4c1f2f1d49a68ef7,PacificSphere Co,IN,Tomas Andersen
bcdbbf7742395f52560b46b51f09ca72,SterlingDynamics Industries,US,Aisha Duarte
a750f371732efc9cc622a3b6eb53f989,Allied Core Holdings,AU,Ingrid Rossi
53d61ee01d3ef39915cb35dd079f361e,CrownCompute Holdings,AU,Mei Rossi
95c269b825b992384221505be59fab49,SilverCloud Inc,BR,Diego Okafor
336b81a4195a1eeaa0387a7e85dcba72,Consolidated Cloud Holdings,IN,Yara Patel
a28222cab8f4627b303f8c8fe0ff330d,MeridianMicro Inc,BR,Sofia Khan
b8fc0ae66e4cc13d6dcaa3317743365f,RidgeLink Global,US,Sofia Haddad
33c201b793383c0a06cee2e0262ea999,CedarWorks Corp,SG,Mei Haddad
520612af4aa5745dc743de9d1047d9a8,Meridian Data Partners,AU,Omar Okafor
1f6dd94158c5102730681fbd59cae561,Standard Tech LLC,UK,Yara Moreau
f62ff4cc56bc5e6e79123b9de4f5968e,SableForge Corp,DE,Diego Khan
a9f5feefc162bbd833278ee71be3b58c,ApexMicro Corp,UK,Ravi Novak
630043705860d2e60f39827bfaf7d87e,Meridian Analytics Systems,IN,Ingrid Patel
e2eea7ed7b0d573b829d631612fee253,BeaconFabric Global,IN,Priya Andersen
bef3d639afa058bb355eea97adac24ac,CopperMetric LLC,DE,Sofia Reyes
89a7e47550e3036d97cce39a2fe4bf6a,EmeraldAnalytics Industries,UK,Chen Nguyen
52a42fd87ed120cda28a21d1aac773a7,SummitSoft Co,BR,Lucia Tanaka
33544fb7a11e59d64cd51cd27b725137,BrightLabs Corp,DE,Sean Patel
295ff2c456216edfd18679b0d8fa10b7,SummitLoop Technologies,AU,Omar Haddad
62799ccd7ad0cb6b9607b3ede724cfe6,OnyxNexus Holdings,BR,Sean Duarte
c8a39f915e3e02b435f9cae1efe76d7e,TitanLogic Corp,SG,Liam Patel
92f085ea0bc1c0ea259ccd9a0362523a,NorthSignal Solutions,UK,Chen Costa
3025195363d2b67b7e61ed9e9e1ca1c4,Pan-Atlantic Wave Inc,SG,Lucia Silva
d819df56afd9da49dc3828f81d7a5f3d,CascadeDigital Co,DE,Tomas Rossi
60d489b4a8f2b8650049c703e0010887,CascadeWave Industries,DE,Chen Novak
7ba7b0d97518dcbcb9231b8af5c933ff,SterlingGrid Holdings,IN,Sean Khan
8cf1fbee4cf200a312e4286fb4e2dba4,AuroraMicro Industries,UK,Priya Moreau
972df486655e12e9b5c00b09a84b5f56,DeltaCompute Industries,US,Diego Okafor
7cf6cb168e43c00a77942be32448b7a0,QuantumNetworks Corp,DE,Diego Novak
6735867df9a4732d071954110d2e519c,CascadeCloud Co,AU,Noah Walsh
9e2ff44b262c3a7b3d101ee70aa7e0f2,CopperDigital LLC,BR,Elena Larsson
27df3450a2a00a24bd95df4a0989c286,IronWave Corp,AU,Aisha Larsson
194b2bd13c2227dee22b28ba7afbe682,TitanVision Co,BR,Yara Andersen
cae7fd06d9af3f457edce8fa6ce24237,GraniteNexus Technologies,AU,Sean Kim
7f74aabf8f5f0358204e18e58bb875b1,CobaltCore Systems,AU,Mei Mbeki
852f7ca8ab48581c2370d60f62bd6198,GraniteCloud Group,US,Noah Costa
13a42f833d95c6c3c77f0b530b597867,GraniteLoop Group,US,Omar Kim
f438f790905e3d20a156d85a293d2adf,Meridian Signal LLC,AU,Chen Khan
be8f1ee234e2b985005ed17bec5038c5,DeltaDigital Corp,UK,Ravi Duarte
f254479d2de1958675cc7348d3b882d6,UnionCore Group,BR,Tomas Duarte
6d150d2e9d46fdac044687e6ba071873,PacificCore Co,AU,Lucia Silva
37073d76d24c45507684cac30ad5df11,SummitGrid Industries,BR,Ravi Walsh
4bff9906d34f67c5ae00a6d9bf7a5d3a,SterlingData Technologies,SG,Kwame Kim
1bfd78c93ecd88d9c48774d9f28c521d,QuantumCloud Co,IN,Hana Okafor
98e1cd4b925f90fe413261ece4f265c6,PacificPulse Group,BR,Sofia Andersen
a0991610f6c8a473e7f5a8dd8e7c42c5,DeltaSphere Holdings,DE,Nadia Okafor
0640daf301ab500b062e7bc7f69a3d4f,MapleSignal Corp,UK,Nadia Walsh
df9811f539615af88ff9fd71397c52f8,AuroraVector Group,AU,Sean Tanaka
84f2e2fb2695600cb1b56eb3b6545828,Standard Data Corp,DE,Chen Kim
a89518c9302aa12627e34e7534667f4b,PioneerNetworks LLC,AU,Sofia Duarte
79d146e65b19f78bec8964f529a6936b,OrchardCompute Holdings,AU,Faisal Patel
7799c9fefe79ba9d52f175a96e6d1359,UnionData Partners,IN,Faisal Silva
f925b4e67f70e023b9da4b8620bba99f,HarborTech Partners,IN,Noah Reyes
8ce24b58ca6bcae610222d1cf8a74b41,UnionCloud Industries,US,Ingrid Khan
f8b2cc9101b5e195336d3c5af8362fc7,Consolidated Systems Corp,BR,Ravi Mbeki
c1a3c7d3eb13dad355935542c25b6fe7,EmeraldLink Partners,IN,Noah Kim
bdf313f621252d39b26c2d40f7066698,TitanData Group,UK,Sean Moreau
b7d9178b37b6dee300826f59200a26e3,SilverFabric Global,UK,Hana Kim
99c3e8797e1c7d452ead81e506b55109,LarkMicro Corp,DE,Sean Reyes
92d1a74472283cb4f2bb78a6993fb8f2,OrchardSoft Partners,US,Omar Walsh
b87b62892973b9957b5d6ef6dcdb6d51,CrownVision Systems,BR,Faisal Nguyen
32dba47265f34a6e44c31192a949213f,ApexSignal Group,AU,Liam Costa
c3361f31731339ecfa6bd08fa978a286,Allied Wave Co,US,Ingrid Kim
b71fb121547b7bc69ffdc3143f97e045,AtlasLink Partners,IN,Ravi Mbeki
6a504edbc816eef8fd58357a9bcd7b5a,IronWave Global,US,Noah Khan
dbe1a6020de0af45909f250cb4b60422,ApexNexus Technologies,BR,Faisal Khan
f19ca83f7df58d553b54477f79bb946e,SilverLoop Technologies,DE,Sofia Kim
74167563a797ee2d4c153ecead6e9ef3,Pan-Atlantic Systems Group,UK,Chen Kim
f05570b2db1ddce1ed44e50511eb6f99,QuantumLink Inc,SG,Lucia Mbeki
c964d454a93bb546aeec532b7363f4eb,Allied Forge Industries,IN,Omar Costa
a6246690e22f6f05beaa5ca951bb1b80,MapleFabric Inc,US,Elena Tanaka
f14751d8c814761da8b2125fa98daf1b,SterlingLabs Partners,DE,Omar Larsson
4d4b0e91bd6b6f8bf59a3495e46ca13b,QuantumMicro Holdings,DE,Noah Silva
c9cad7a65ecc4a45f2f7bde4bd30b8e3,VanguardStream Solutions,US,Priya Novak
28f6e2a4fa1894c2bae4436e724c59b3,KeystoneDynamics Holdings,SG,Ingrid Walsh
d71db27755a5ba1b888936a746718fb1,SableLabs Group,DE,Omar Andersen
a8b48a66376c8cbb453b64861c9579ba,BrightLogic Corp,DE,Sean Reyes
52ab4544f6f7b886fe02c1f4d6564e6a,PacificSphere Corp,US,Kwame Kim
2318b05ce89c894df4fde0d8d3b8a945,BlueStream Partners,IN,Faisal Andersen
ee33bf1e5e4edf3a77ec54c3b156e320,IronMicro Partners,SG,Mei Kim
b46385b1b1fad2c223ca940936c58099,MapleAnalytics Inc,IN,Yara Okafor
f0be85d2e36fb4264502ec9039b13e5c,DeltaNetworks LLC,AU,Elena Rossi
c3fb2d25f728a6a10b9b27754b77dbb6,CobaltNetworks LLC,AU,Ingrid Tanaka
f524d634520915216974501e70b3a0d9,NovaCloud Global,US,Priya Kim
e1a42d02d642e37a3327fdc4d32d20e3,CascadeDigital Solutions,IN,Kwame Khan
e5a15c7ddbbb744fe03b25f5b0fe4245,SummitFabric Holdings,AU,Tomas Novak
5a03aa800d4cbb96244ae97dc0e37639,BrightWave Global,DE,Noah Reyes
b27f6fc2c4ee556e4c2718df7e3728e4,SummitLink Corp,AU,Aisha Larsson
cd044e2d52d03a70204d790fa01b56e2,AuroraVision Co,IN,Aisha Moreau
64630a3eda44872f90c1c352aaa4d499,EmeraldSoft Global,SG,Omar Moreau
2e7ddb08b8357573271ccad9d2bfcc89,CascadeSoft LLC,UK,Kwame Reyes
970e75d9e8b7cf82d795fba06ded7c40,SableStream LLC,BR,Aisha Novak
05f15a908953405f74a389b7249ac882,Standard Digital Group,AU,Aisha Walsh
a930466ee3d541b4e45d8803923b3080,AtlasAnalytics Industries,AU,Liam Okafor
941e58d3257b9cfb22d10cb29cb488c9,MeridianDynamics LLC,UK,Ingrid Khan
dbf310d79f96454ef17e2b2501a29081,GraniteGrid Partners,UK,Sean Nguyen
adb435bb80abdd238686d54051d63882,NovaSphere Co,UK,Chen Novak
840258bd2e68476aecc75b5dbca118d2,VertexSignal Solutions,SG,Sean Novak
2734af3c9bc97e4d83b8e971bfea3896,CedarWave Partners,US,Tomas Haddad
519fe8a4b007398ae49478846904a9e9,HarborSphere Global,BR,Ingrid Mbeki
40b5bc2c9014d649b8e356c4ffb99ae7,OrchardVector Global,SG,Mei Khan
0bffd2a0aa1579356adce1d44fd86256,SilverSystems Inc,AU,Mei Khan
1455812833582813cde95085faed0bdb,SableStream Co,US,Ingrid Khan
f2a100b321520a76fae271831fe67143,SummitWave Inc,UK,Diego Rossi
377770c171254d457166f3ea3b74c664,CopperStream Co,DE,Elena Silva
12411683c136d396ae646eba43b53255,DeltaSystems Global,SG,Mei Costa
bb1a0beed740e5f7069e05d768f11e4a,BeaconFabric Technologies,BR,Aisha Kim
062d0ab9aa032fffa424f482f9489c2e,EmeraldNetworks Inc,UK,Ingrid Okafor
880fb1f2b45b5c5db1db327c0be2729e,BrightPulse Inc,US,Yara Moreau
c2fbaaf52ef6f250820fcb0f156c4feb,VertexLogic Global,DE,Hana Larsson
c2bc0d10a4cc876d0df7623a4c09ea99,SummitSignal Systems,US,Diego Khan
976b7a7ec7aa1388b282f66959c9f862,BrightNexus Holdings,SG,Diego Novak
45d79420c9cc9ea520e0287a1201b23c,EmeraldSoft Inc,DE,Ravi Silva
97a528e895e45a93ed645e3bea8b2aa8,SableMicro Corp,DE,Yara Haddad
2236acb789348b10660e28b5af089a35,CedarCore Partners,DE,Faisal Costa
1037f61f4944ee83b8ad2815c8b60a6c,PioneerMicro Co,IN,Noah Moreau
6a2504cf912285635ae9cfb5ef482d76,KeystoneNexus Solutions,US,Sofia Nguyen
5616162d0bb5977c572d2fc32997afd0,SterlingSystems Group,UK,Sean Mbeki
553c6dbf2d554aec7331013d36d4f50e,EmeraldVector Industries,IN,Elena Tanaka
bae102d107b78c823284035c3c687a49,NovaByte Technologies,BR,Sofia Patel
90b8bd704b6153fc994961f38b126117,CedarWave Industries,BR,Aisha Patel
1c5aa944e793aa2b7bf098f668c8c451,UnionByte Partners,UK,Liam Okafor
ea72b7435bb243239bcbecfd8f7b3d6d,BeaconLoop Group,UK,Faisal Haddad
d0077f5fe239e3cdc40e0e4c95a5c388,OrchardStream Systems,SG,Diego Walsh
7eef7c395b172aeb3918707acd431de9,QuantumAnalytics Inc,US,Yara Silva
7fef0ed5ec538ab33569631b703b4dd1,CrownSystems Inc,BR,Kwame Kim
785bda31ea8c6bc5c5ffb5ad9a5b2688,GraniteSystems Industries,DE,Sean Novak
3fcc19cf7ef1c8cc9358280696bbe1cc,BrightForge Partners,BR,Diego Andersen
5ec2a0522f6f41ff156b9075b8d9565b,SummitSoft Technologies,SG,Kwame Khan
2064ea8d6c09f6013816c3be1085839b,OrchardVision Group,IN,Mei Andersen
6818d57052776584f90e9e96ea7a17b7,EmeraldByte LLC,AU,Aisha Patel
fce95a8376b6b1180422eeda65a45e25,MeridianDynamics Group,AU,Priya Novak
9b1f41c5ca3a02929597dc2398c874e4,PacificDynamics Inc,DE,Diego Okafor
3a3a8d230a9839f5668bcea29d2eff06,RidgeWorks Solutions,BR,Omar Nguyen
a6e3fcf4fd4110b19888189ac5660213,BrightTech Holdings,IN,Ravi Duarte
59544a606f3b4362278aef5b5354d44b,ApexMetric Corp,SG,Yara Silva
e7592524609511fcc135a0bcb8d1946d,NorthStream Industries,SG,Noah Moreau
998b5ce3c4035e3a3404ee999006c992,VanguardNetworks Industries,SG,Ingrid Moreau
39ad9fc7c902357e3ea3405b094b4452,NorthLoop Co,SG,Yara Haddad
4d8fd6b9bf656c4427c4539a17a043f4,SableLink Co,BR,Aisha Larsson
67ea2a1ef0424694cb2e691630a758d6,DeltaDigital Technologies,SG,Aisha Duarte
a271d17a60489c9f02ff8a3c8f0d0bb5,Meridian Stream Holdings,AU,Elena Larsson
a905d800c7c76fd98c7a52724b3d8c23,MeridianStream Co,UK,Liam Costa
e4f1a2cf16514a9f856b8789e664ddc9,CedarWave Corp,BR,Nadia Reyes
c4c5ef2ce0749515f3d487eaa61a1562,Consolidated Dynamics Systems,SG,Omar Duarte
014c75a3fb78feda7eb5edf981757276,BrightLink Technologies,SG,Ingrid Larsson
221595b17ad5ba07a499ae4c36efda32,KeystoneWave Industries,SG,Nadia Duarte
0088e6727edb35202308c495f7540832,SilverAnalytics Systems,IN,Noah Novak
5d4f5f738aebbb9811c6a6229030cc1f,AtlasCore Partners,AU,Ravi Andersen
fc09f4ff32d2b3953a0c18cba402c219,TitanByte Group,BR,Sofia Costa
f306b8438861c4d503ec268444bc155a,AtlasFabric Systems,US,Elena Walsh
f3e886d450e7d9d52563e397f28ca6a1,ApexWave LLC,BR,Tomas Haddad
2bedefa4704f36fbd43f96e55b738d3e,VanguardCompute Group,BR,Kwame Mbeki
dac10e3fe541c5dcf686f64116def636,VertexLoop Solutions,BR,Sean Okafor
a1e4c51aa049cfe0edb7cf532f0cedfe,AtlasLoop Systems,UK,Ingrid Nguyen
645343e1fa7216390e2d3171a29a9471,QuantumSoft Partners,US,Chen Costa
661a0e74c17472071de98e754b83bbf8,AuroraSignal Systems,IN,Sean Rossi
270a590117dcfd7fd724c78603f3ed0a,Allied Forge LLC,DE,Elena Walsh
c1a92cbf5c5a094ad73408b770cffe3d,OnyxTech Co,SG,Chen Okafor
82a9bef906a29a6a2b4710a725389b6d,CopperSphere Systems,UK,Ingrid Costa
5323eec5190a865c7617a583c4c30860,Consolidated Grid Co,US,Yara Novak
c080e3743883c545e06169f0f84f3c37,CopperNexus Inc,UK,Kwame Duarte
f26786de0766286642664c8702be8f7f,MeridianForge Industries,IN,Tomas Duarte
f20bbb0a5cd0e77d15ad5acb25e69049,OnyxLoop Technologies,UK,Lucia Moreau
ed63011cd101fd42b47a69dc337c6414,BrightSoft Inc,BR,Chen Walsh
56db824cc912e0e36f1242905f9eded5,AtlasSystems Inc,AU,Priya Moreau
dffd4678912196dbb6749de363004c26,BlueVector Global,DE,Chen Patel
c3cd68db96e5c5cc661ebcd6ab4fd412,SterlingSignal Co,UK,Lucia Tanaka
bb97fa18e63459f6ea94ea65ee94df8f,PacificSignal Technologies,BR,Priya Mbeki
ebe3861ec9805249fb8fc28695dfd79d,MapleSoft LLC,US,Kwame Costa
32b6cba4a2ff961853c13bb8125f9021,SterlingSphere Corp,AU,Tomas Tanaka
6533806f592eb4c0576835e3cf786bd5,QuantumNetworks Solutions,BR,Mei Patel
4910fbadcad2c9af96f3642e8c9f7516,SilverVision Industries,SG,Yara Patel
d859bcca0647d79cd0003a5d6f41eafe,IronNexus Corp,AU,Nadia Andersen
089f51bd4745b3471f0dbbe6a17cf2ca,SableCompute Inc,UK,Omar Silva
f5cb33e74f093f704f851d8ff26b79d1,RidgeLabs Industries,SG,Omar Kim
524d3b28043c5a1c9c28da57494bc39c,MapleLabs Industries,DE,Faisal Silva
baad702eeb14697dd374169fcc34d53e,DeltaNexus LLC,US,Lucia Patel
5ba936ff559494d7491d5502c318165d,DeltaCloud Group,IN,Tomas Walsh
5a72c5af94ee2e702e6f17a2d29abb9a,AuroraTech Co,AU,Diego Silva
91ce3ea6b5f8046953bba1cba3eecf8a,GraniteDynamics Technologies,SG,Sofia Mbeki
7eaa7d6892962207ac6ea3dff923b655,LarkWorks Technologies,SG,Lucia Nguyen
f02b9895019a7c1a1f9d0e2833b098e6,RidgeWave Systems,AU,Ravi Okafor
97643a80ab7b99f6255823e63f1994a2,CascadeCloud Group,IN,Omar Kim
637818bf0945a91ec65b96aa15b8cabb,VanguardTech Holdings,IN,Hana Silva
6b9d705a80c53fbc8ff8da1db2257209,Standard Byte Partners,UK,Omar Novak
9f73ee940292d3261b14725ec806b50c,PacificDynamics Holdings,BR,Nadia Kim
fe243219540d3cd69ffc4b6f5ee11a6d,HarborWave Global,SG,Sofia Okafor
8324d8bbd3023c35f4b2d6860a04bd8b,UnionForge Co,IN,Elena Rossi
f5fa3d6352c5e70391d28187fcfc2944,NorthLabs Systems,IN,Faisal Patel
27b6e1769ca05e6b0b8f0b16b8070602,KeystoneGrid Inc,UK,Aisha Novak
a7c5c0c40084c948b01a223a8502952a,ApexAnalytics Technologies,BR,Ingrid Silva
7b91b57071c8ae0db569bf3e48ff7ecf,GraniteLogic Inc,SG,Faisal Mbeki
b236e565308a6d0884f0939c3f0ea8f3,ApexSphere Technologies,UK,Kwame Andersen
4dbdc9afa439d5bcd87d40d9ce021048,MapleData Co,DE,Tomas Silva
42d6bb8b547afed9db162e9de0dd52c8,Consolidated Systems Global,SG,Liam Nguyen
b84bfcc70c404f696eafc197a072abe4,Helios Byte Co,UK,Faisal Moreau
070f48b5422f1187d7679bcbe3e124e9,IronVector Holdings,DE,Kwame Kim
da50c51acdac8dc797b3f5c6dab3ff47,CobaltWorks Partners,IN,Lucia Duarte
807766750be28ffcf90317b77a86196d,OrchardMetric LLC,SG,Elena Okafor
4531003bd1894d827edffd414dddf6fa,AuroraLabs Systems,US,Kwame Larsson
ada48ed6b63f77ef24afe1bba0fa1d16,PioneerGrid LLC,IN,Hana Walsh
4fb3e3736594624aa318c43f7aa785d8,HarborMetric Inc,UK,Sofia Andersen
44cd37d89af0949a0c2d2cfc7cdf2372,HarborLabs Holdings,US,Lucia Costa
f343b3dad83aa43e6fe7cd34007b044c,IronDigital Group,BR,Noah Khan
f0bea2eecdc48f7c46ab7c902785035e,EmeraldDigital Partners,IN,Noah Rossi
291c7fb6ce7265e34c0effb2afdc3b31,UnionMicro Co,US,Ingrid Rossi
256d225f1111d1b87a8e8da4000c485f,SableByte Inc,AU,Yara Larsson
22d1f04ab1b5a92d407d69562f8409de,SableLogic Group,US,Hana Okafor
a3a523cb995be63265b34858f42fac46,PioneerForge Holdings,UK,Noah Larsson
8a5a39e992efbf81279c3bbab9ba704a,KeystoneStream Technologies,BR,Yara Costa
7cc1760eb2bab22caa5546be2c532d4e,IronAnalytics Systems,SG,Aisha Novak
0e8219d6af3d6c32188ea69421acbbe9,SummitLoop Co,US,Faisal Mbeki
b27de6ee91959062df496f36c18b159e,CopperMetric Corp,AU,Elena Tanaka
3735d5f040eff0e272460839dc8cbfd8,OrchardMicro Technologies,AU,Ravi Silva
9bf3ba10b3195a65db37e9a29cd3c00c,LarkPulse Co,SG,Ingrid Costa
2a1e5b47b4a061f82f9f7085eba3f43c,UnionLogic Systems,BR,Mei Nguyen
ada142314f8e5b8e985b3ee00504b51d,BlueNexus Partners,BR,Noah Kim
f9a79f43b747daa3669847693c1de23f,ApexTech Solutions,SG,Kwame Novak
2d016fa3963f547cd269cd46341e0a89,AuroraCore Group,AU,Nadia Reyes
56dba0d47a0c211a0e96bcb6cf535a0a,ApexDynamics Holdings,DE,Lucia Silva
5e7798cf51b22fab6cf5b2a18926d567,CrownMicro LLC,IN,Yara Moreau
a51ddfc8f2ccc8ea1ca04f3f4b42d6a3,HarborStream Group,IN,Hana Tanaka
1b18ac78228e1ff0ab8db716045bdb5a,BlueWorks Partners,DE,Kwame Nguyen
068b561f99d7d78bdbc1a3602d926a85,QuantumCompute Solutions,AU,Mei Khan
d27336b3552f4d9ae702ceb9765ba47d,Helios Pulse Corp,UK,Mei Duarte
232e33d15840732caef0efa51acf6a84,SableCore Partners,IN,Hana Okafor
790b731e959567a40cd6277c96abd856,EmeraldLoop Solutions,UK,Aisha Tanaka
5770b9e994685c2e1e5a9334f0aebbe9,HarborCore Technologies,AU,Lucia Okafor
2426a8669c7e1a69f39de90f54d7b4e0,BrightByte Global,SG,Priya Costa
dbe337acc8cb4c030dbf6bcb2f4575b8,SilverDigital Industries,UK,Hana Mbeki
17dea44cd99d4327ee6c0cb45a448710,BlueGrid Inc,BR,Kwame Duarte
a53ace3315dde336baa3e392e2a2281e,HarborVision Co,IN,Hana Kim
856bd0c73a3709d61625c4a9512ebb19,HarborVision Group,DE,Chen Silva
3b7fd6b364851472d293488b2569ac66,SableSystems Solutions,SG,Kwame Mbeki
23a36eecb047d417c664f400fc42aaa5,PioneerWorks Global,IN,Faisal Walsh
ce97fd3a91d67610712c39d5df773d58,DeltaCore Global,IN,Elena Novak
3173933c0944e02ddc0f79367218e583,CrownStream Global,US,Lucia Silva
ea79fd0800c9d676fd6ad5e5a0b82896,IronMicro LLC,UK,Priya Rossi
32fd5a3f566a3675525bd9f4f3089d9f,CrownSoft Industries,AU,Priya Silva
004a0a0416b20f25d4a4e3f09a629d7c,CrownData Corp,US,Priya Duarte
53cb809085c47127daaef503a382b2d6,MapleByte Group,UK,Priya Silva
ea3fac9921039adfdaaea30ea11e11c8,CrownWorks Group,DE,Lucia Costa
2b1f3df175c62f96e666078939b4184e,IronCore Global,US,Liam Andersen
9b1cabb4f6e2ce4d331178059da7c5ce,BeaconNexus Inc,DE,Liam Patel
b631414c28f09031abdf3a224dd4c14d,QuantumMicro Corp,BR,Kwame Novak
1afeaf67f351549baaf3c8e97e165c33,KeystoneLink Industries,IN,Elena Haddad
b13e91cccdfff504c88eecb84b89821f,Consolidated Cloud Technologies,AU,Sofia Andersen
43f4a73724c7cc4bf8fbf5c38f009566,NorthSystems Holdings,BR,Elena Haddad
1935da0e5d53a70958ed1263b39bb9e0,SilverSoft Group,DE,Mei Costa
96e94e805a6e3d8277e395e4cf84bec7,CrownTech Systems,IN,Lucia Mbeki
355efd8aed33b6d70fba2277e4496075,HarborAnalytics Partners,IN,Nadia Duarte
9fe34ebc249af53b4fe209dcff157170,NovaWorks Corp,UK,Ingrid Reyes
743019229111a08c672fb3109a5beb97,BrightSystems Corp,IN,Ingrid Reyes
4ac481ece22500a44e770254a1fb3955,PioneerPulse Group,IN,Tomas Kim
4883d03aa2934eb72feccddfd79eda49,Allied Loop Corp,US,Liam Khan
27311e13dac9fef6a1480ee334e22f3d,DeltaLink Inc,US,Priya Nguyen
fad599b0ab23978a863293dde183646e,BlueWave Global,BR,Omar Nguyen
c36f4bcfb54c6aaccde45018a87c1077,Consolidated Soft Systems,IN,Mei Duarte
cf2f5c645d7290a335ca28ba6e29a44b,LarkTech LLC,SG,Noah Tanaka
5e1c2ef793f6db9ab0500e8f2982d77c,SterlingSoft Co,IN,Diego Moreau
a6bcec8eb232e04efa2db4bc4621c337,GraniteDynamics Solutions,SG,Liam Larsson
70fba7b1ca7deb692e6ae278cb9582a4,BlueLoop Corp,DE,Noah Nguyen
a89a40dddae80bd9b8b235307884cd9b,PacificGrid Partners,DE,Ravi Okafor
12e86d8e8047d0206fff7d66c5ef884e,AtlasVision Holdings,UK,Lucia Moreau
8d8f14e654fa9a45fba28b048c72e8da,VertexCloud Inc,AU,Priya Silva
54a4301353c8f2dfabaec225d0b32e1c,UnionNexus Global,DE,Ingrid Okafor
7b434ce55c08dce23a4fb220495123fe,SterlingFabric Solutions,SG,Mei Patel
585c98349e69831a05d429a6af893e09,SableWave Co,BR,Hana Reyes
bd7d76fa6c763e5f0d88a550827941af,CedarVector LLC,AU,Tomas Duarte
62b5f385a44233db8f2d6cc7682a2c1c,PacificCompute Inc,SG,Ravi Rossi
515ea2abc0a356dda461607ea31acb1b,IronVision Technologies,AU,Sofia Novak
93dc5d5fb33175b1a983b61d39df7614,DeltaLogic LLC,UK,Mei Rossi
c1a49b501fe2d77d3da03179b14e0cf4,MapleWorks Global,US,Faisal Larsson
d9164c31177c378e12842484940b4507,CascadeMicro Corp,AU,Priya Andersen
f8af9a88c706c129e5fee538addab224,SterlingCompute Technologies,UK,Hana Haddad
31ed7a05c2b6b9da30e2664fa794e47f,QuantumFabric Solutions,SG,Lucia Haddad
191b7844935d763b1d2d200634ed1d8e,MapleLabs Corp,US,Kwame Walsh
91f64ff6317c750020aeecbde3e10044,RidgeCompute Holdings,IN,Tomas Novak
5825d89509cfe0cf25604462d81cfb17,VertexLabs Global,IN,Hana Larsson
d0513f8a3b27b2f21b041d1e2b3ba35c,BrightGrid LLC,US,Tomas Costa
50a153d278e2738d690602951a59629e,MeridianAnalytics Holdings,UK,Ravi Rossi
ffd0e2fc73cc04a77762eda1b4eb420b,LarkLoop Co,IN,Hana Larsson
92f31eacc18697af260b1025e810c100,Pan-Atlantic Forge LLC,BR,Elena Kim
35d6a738412b2aa29c3f7321242f7f35,NorthFabric Industries,AU,Kwame Reyes
31b49a2dd3ddecd1b0c22d7a99a1a707,NovaSphere Solutions,US,Priya Duarte
18ef494b67e3331fafc6db7a7908b9a2,CascadeLogic Corp,BR,Nadia Haddad
c29b2ba4046a8dd0140a42cea0789fc1,EmeraldLogic Global,IN,Sean Novak
e3a7388e9716c3a4c2e48a83adb482ce,NovaCloud Solutions,UK,Sean Duarte
0ede40972189018673c4779681afb471,AuroraByte Holdings,UK,Sofia Nguyen
64f21c145eed23bfc54f551d25e33877,IronSphere Industries,DE,Mei Tanaka
b143f754559d50c8d044fe54eb5c0f5a,PioneerVision Technologies,BR,Elena Okafor
69dfce1dc9107884e7f7c7a6547d3826,SterlingGrid LLC,SG,Omar Tanaka
232ff95666868ebd8d5723da88ac787c,CascadeSoft Corp,AU,Ingrid Larsson
5b770d34f77b69f96354b222825fe9e1,LarkByte Co,AU,Elena Nguyen
b3ef45e65641107321e8259479b4c0c1,Consolidated Vision Co,UK,Elena Nguyen
b41c820a753cd1902b45bc1dd44c7439,ApexFabric Group,UK,Priya Larsson
264148ae0af37c24665f38f85fdf668f,BrightDigital Inc,IN,Chen Moreau
f24937e6efc7d0995dc228128057ff35,PioneerDynamics Global,IN,Lucia Mbeki
0fd51e3f55bfefa8567c1bc70db0b49a,Meridian Micro Industries,AU,Elena Silva
bde5234dfbb54faaf79f55f09d72cd08,HarborWorks Co,SG,Noah Nguyen
61b6e8a10bcb642f1781403c25fead5d,OnyxPulse Inc,UK,Nadia Silva
052f68543aa43e51dd99df3486cb578f,BeaconNexus Industries,IN,Diego Larsson
b35089431dcb4eb6c817246834f03a27,BeaconNexus Technologies,SG,Ravi Reyes
86ac7f4abe9417f44423117d36020f49,CrownData Inc,UK,Tomas Moreau
54568689913dc4644ec58f5e51f1c2fd,SilverWave Systems,SG,Omar Haddad
d273a41e490d3a911b78b14fd46b3588,TitanLink Partners,AU,Sean Rossi
940ede547c3050d86d7ba0a92f843143,NovaLoop Industries,BR,Sean Silva
cf87fa3a736849b50434d551f1b99c76,AuroraCloud Group,UK,Sofia Nguyen
5f85370dfed7e4c18e4da7f1a5ccb923,PioneerLoop Industries,DE,Hana Patel
32dfa466018752f33ae9461509a8cd6f,AtlasNetworks Corp,IN,Noah Moreau
3eb2da7d54dd3d95e2d16b32585bfbaf,SilverSignal Holdings,BR,Ravi Okafor
5658ab6915b7221de26ea98f72fb5e4f,IronGrid Technologies,IN,Omar Nguyen
6ac38a9ae39b40ee65221ac51ba37b5b,CascadeCloud Partners,SG,Sofia Rossi
c4fab775e06cadd7aff889c65c9a40da,SilverLoop Group,BR,Elena Mbeki
4e009db6d76241358f3333db9a791e9a,VertexMetric Corp,UK,Yara Okafor
4b233efa15903144ad85145a771223c5,OnyxLink Technologies,DE,Sofia Duarte
c4fe17dd5476fca081cf37316cc7dbc1,CedarLoop Systems,SG,Chen Reyes
6e89b40bb0877fcbac3ab5d375b6922d,HarborLabs Solutions,DE,Ravi Reyes
ea9b771bbf511a67d3286c84944f974b,Meridian Networks Systems,AU,Yara Kim
d4d1a74161a28125c6441936d3436c89,BeaconSoft Group,IN,Kwame Silva
4d8da0090fe1fc083d24e8aa4c1a77e2,SummitWorks Partners,SG,Yara Larsson
56778cd81f2bf315c792c0b8321335b0,TitanWorks Technologies,DE,Sean Okafor
26aef1d641177ad81c93bc59ce70dfde,GraniteLink Partners,BR,Diego Moreau
44d07188cadd93f8039da672fa812b2a,BrightNexus Technologies,DE,Priya Andersen
cccc6239f8a38704d907549d9b62ce61,CobaltFabric LLC,SG,Lucia Kim
c9a602459372206f2d0aa696782c8954,AuroraGrid Technologies,US,Omar Walsh
ba31c5c8f4e26efe19670b8052adab54,PacificNetworks Systems,BR,Sofia Andersen
6ec7b225ea26dd7e1f96547a9044d4a3,SummitLabs LLC,IN,Mei Costa
71e2c09701e2ef494b6e7c38f7c17df3,RidgeTech LLC,UK,Tomas Walsh
ec63b08d04db97a737cb02d7e9609196,PacificSphere Group,IN,Noah Duarte
37dd8c20e75c9f068471fe2325d703a9,MeridianGrid Inc,IN,Chen Khan
24f0c0331e9d4fa46be86edf668473e0,SterlingPulse Systems,UK,Faisal Novak
464fd9f2442303101daf8795be7d52a7,Pan-Atlantic Digital LLC,DE,Sofia Novak
a63a01599d69445d489d4193d1590a84,NovaTech Technologies,IN,Ingrid Reyes
6af202347d2517c83fc3cb96bcaa0f63,BluePulse Partners,SG,Ravi Costa
e9ac949847f268d9ecb2c463fc7cc34b,CedarNetworks LLC,UK,Yara Silva
68187bd36e61e2daf65dfef35ef9fdeb,UnionCloud Inc,BR,Ingrid Walsh
7a0c63192db79b215daa308ef2063471,OnyxDigital Technologies,SG,Diego Haddad
e12858d7dad888a2f317ada6db8207dd,ApexSphere Solutions,SG,Liam Patel
b57f5572e9b5f028afb15f6805e3d405,KeystoneDigital Partners,SG,Yara Costa
b3840dc65941a3a3474589781eb2ba79,NorthMetric Technologies,IN,Ingrid Nguyen
d7ed1732436cad8fe17b353b86578e9e,Pan-Atlantic Link Technologies,BR,Mei Mbeki
20156a218902da7e0267f36beae3b4f0,SilverGrid LLC,US,Priya Okafor
c4a1f4713f547a18721da650a2799143,TitanCompute Industries,UK,Yara Moreau
2603aa020fa0d06f776ec464ba595027,SummitSphere Holdings,BR,Chen Reyes
9acce68afb0c494d2f6323bd3c011e52,PacificWorks Systems,DE,Ingrid Tanaka
d233cae530835eba8cf4cc32f9f16aee,TitanNexus Group,BR,Noah Larsson
41b0157af0d213a13d5950a8fab32d75,CedarSoft Partners,SG,Mei Larsson
c8c5b320ee50558f978b2996ae76bfd5,OnyxSphere Global,DE,Faisal Novak
8adcb92821c92a7b3b225328fe20d87b,BrightCore Holdings,SG,Faisal Kim
34b6b0f5e048c8586cf1eae0c64f9bce,VertexCore Corp,US,Lucia Haddad
78bf69ad056c5ad2259c169ee2982505,DeltaFabric Partners,AU,Mei Okafor
97da6a264bc2df86ad519b5f4a575254,Meridian Wave Group,UK,Noah Costa
ed901508fb1c5904b56e6974df5de4e1,SableMetric Technologies,BR,Kwame Nguyen
8397504916a1600a71ce710842e885d2,BrightCloud Systems,SG,Mei Novak
1e9802ed40dec5d0c7a88164a6765e1d,RidgeCore Solutions,IN,Faisal Reyes
5f5f0f0c87538b9675b5d874d5e1d3db,BrightWorks Technologies,SG,Noah Mbeki
2cc27cda77e293bf9516370517953f21,PacificSoft Systems,SG,Faisal Novak
a993db06d4c824f6099f208ee9fd12b4,NorthMetric Systems,IN,Faisal Okafor
0abf4dd8fd650ce69ce8e4d5bde84b7e,SummitAnalytics Corp,US,Faisal Rossi
f18498cbdd0850d5b408acf070bcd3b2,PioneerDynamics Partners,US,Ravi Reyes
d1613a7d02a318b60c503cb329a0dd15,UnionMicro Holdings,AU,Faisal Costa
0f96a065b80e113bac26d9cec49b7f12,NovaCore Inc,UK,Tomas Rossi
2ebd285335ed84925ff8c3b981edff28,BrightDynamics Industries,SG,Lucia Andersen
21e56ecd6d0028d6a3bc1df8f237a6ed,VertexByte Holdings,US,Noah Reyes
519f7cebb5bc8eeaa29caa7c24bb3dfd,NorthCloud Co,AU,Priya Walsh
52db21a1dc8abfb331552cc5cce17999,RidgeFabric Global,UK,Kwame Mbeki
8684e5c8c9b47728f63ec344a5d896f3,CopperData Partners,SG,Aisha Moreau
1647d84819102652069a0e1c6c594403,AtlasPulse Co,IN,Ingrid Tanaka
cbf2db6f4611fa6181615ada8d35eaab,IronCompute LLC,DE,Kwame Haddad
eaa89bac46ab77fb6e3307750f069c9c,OrchardSphere Inc,AU,Noah Khan
6c630799e9b8be85eb388dad27f2fada,DeltaWorks Corp,US,Ingrid Walsh
ee3904d964568c12464939783bd00265,AuroraSignal LLC,BR,Tomas Larsson
d993a7b5a4ad2e7085b59ce790a76d91,BlueLogic Co,DE,Tomas Patel
5200afab475c7a715cb05bbb0eb355d8,LarkVision Holdings,BR,Sean Silva
8931b2b7c05758e167b8028d7969bef3,VanguardSystems Co,AU,Nadia Andersen
6d96385aec41253351be1467d494387b,UnionVision Technologies,AU,Lucia Larsson
d7afe8310dd3642f660f1d48d4c1b5d1,CobaltData Holdings,US,Kwame Reyes
e428a62df865dba657e4ea2e4c537ecb,HarborLogic Inc,US,Liam Andersen
4db12bf458a623a40fec48b743872113,PacificCompute Co,DE,Priya Khan
4a9dfe76277623de35c7ce637a2ee3f9,BlueData Inc,UK,Faisal Reyes
7e1a423d6a8bf724e48cec5c925a3167,CrownCore Inc,BR,Lucia Andersen
683cf0ea6a24fb8f5fde96a17bd76437,QuantumSphere Inc,UK,Ingrid Kim
1b3d78a42267a5441e554ad5ee3e6126,PioneerAnalytics Systems,AU,Lucia Mbeki
d68d2ddd98d56cb34ed78a4b939b9812,MeridianTech Technologies,UK,Chen Novak
8b20ad7d4fd40f0381a49dfd9e4572ae,GraniteVision Systems,SG,Chen Andersen
93249d75adb8a81c6f1e2bdcbc22d94c,PacificDigital Industries,IN,Chen Costa
d0cb3aa9dc241a6a02cddb7f0f5d55df,OnyxTech LLC,SG,Chen Silva
01226ef75889a265f856f9a0f611ee7e,Consolidated Vector Partners,DE,Ravi Kim
29e3fc4a756993f76a3a9ff264eaee40,SterlingNetworks Inc,IN,Priya Silva
772d7529b4032b9b0e8e990edf312313,MapleVector Holdings,SG,Nadia Nguyen
25556c2efdf54f998f344609069325cf,SterlingVector Group,SG,Tomas Kim
166494ff8508a4cf7adb211fd9340c49,VertexPulse Global,AU,Ingrid Reyes
3fca3cc722606ddd25b995ee0499711d,SummitLogic Solutions,UK,Priya Moreau
228f51059993151e52167b4149c7a5a4,GraniteVision Global,US,Elena Duarte
274039b6e72a54845085a99a1fafb0a2,LarkMetric Holdings,SG,Omar Moreau
9876abb051b4ed7cfe39adff47cb3ff9,KeystoneTech Inc,BR,Sean Moreau
8ae3ddbee6ad8dbeeb3e44173daae216,CrownSystems Co,US,Noah Haddad
b5172dee1f03d50629a380edee2f1638,BrightFabric Global,IN,Noah Andersen
0850218940e76ded86b2d81d37c659cd,CrownStream LLC,BR,Aisha Nguyen
c131b2ec7360e6a7da55478d06263dd0,AtlasMetric LLC,IN,Tomas Andersen
65e700c3a31f659d3a75b927b178ac1b,EmeraldMetric Solutions,DE,Priya Patel
7b3cdc519ca99fe5300f0a68163a65d2,AuroraForge Inc,BR,Liam Patel
30fe1f619441a3fa037166001cf16915,BlueByte Co,DE,Liam Novak
bcb7f94065da6ee2cd92bda9f4f32809,CascadeAnalytics Solutions,BR,Diego Andersen
fd06037460dedd19fabd258062f77687,SableGrid Co,IN,Sofia Tanaka
09cf8b2ae5625960c46b27adf27bf1ee,QuantumMicro Industries,SG,Liam Costa
8ba70336092e5e524364cfb32632b5dc,OrchardByte Solutions,UK,Ingrid Silva
1e9f72abbb214072da84b882570927c6,HarborDigital Technologies,DE,Hana Okafor
fdd3835cfb1b4cc8821728b1950c36a4,SterlingTech Global,UK,Aisha Duarte
65e5138e0339de1525b03bc1d71ba164,LarkSystems Systems,SG,Hana Rossi
0c855ed66c0dee8fca1ee33badc4843e,PacificSystems Partners,DE,Omar Silva
687f50e461527941457279b76fcd3d70,PacificStream Group,IN,Priya Okafor
e9e90e62482e60fbc8c849a29a0fdad0,MapleByte Industries,UK,Nadia Andersen
b75c7166a6864390a9b17c21de7db216,CobaltGrid Technologies,US,Chen Okafor
254b9e3d187ed813bab763a48cf5aed9,AuroraPulse LLC,IN,Liam Tanaka
f5e2cd866486e5c4f57ac0f652fda206,PioneerByte Corp,US,Priya Patel
da0108bc558401638e5a22a8602a8493,NovaVision Industries,AU,Ravi Mbeki
bafb83db4f2468954f0a3d30d9b2b4f1,CedarLink Inc,DE,Tomas Nguyen
ddfcb47cde630c7b642d620187d7315c,GraniteData Corp,US,Hana Costa
f35e3a929c5a6b46a5a000183f48bbac,GraniteData Inc,BR,Mei Duarte
caa071daf56a4938206a5793d58aa45b,AtlasWave Partners,AU,Sofia Andersen
d153a4e43c1a2eef8becb3d06bdb444d,SilverVision LLC,US,Liam Rossi
7724078cc9ec2c82d54ae9b7c164b519,VertexSphere Global,US,Lucia Haddad
1c307a5173aba75dd9ece75ce9797282,IronSphere Corp,IN,Faisal Haddad
571c08527946a1f5afc0099f1d4f0998,RidgeNetworks Global,IN,Diego Haddad
a4bf6930964176c6eb933b3e93deac49,SterlingPulse Industries,SG,Liam Larsson
db05a8d8d8763ad9abc5c153762868ab,Helios Analytics Technologies,US,Tomas Walsh
472e138bcf8e1b04515875a91a26487d,CascadeMetric Group,IN,Liam Andersen
b9a509f1a8ee0d28154d488291c3c4ab,ApexLink Co,DE,Kwame Novak
3e1b4589f506ade7668b3a4097613260,MaplePulse Systems,IN,Ravi Tanaka
8f7b4eec57cacf9f23e9289fc780294d,TitanWorks Partners,AU,Ravi Rossi
86bf315c2d801c958c8873dbc0f5040b,BeaconSystems Solutions,AU,Faisal Costa
5493b962f3894cfe1506c2c38e82d32a,TitanMetric Inc,UK,Sean Andersen
7519f222f04ea5920251c25f6c674e19,Meridian Works Corp,AU,Nadia Silva
fb3fefc6d763b50ef0998a20ce507e75,VanguardLabs Corp,US,Lucia Silva
f29288401747a21c30a9c7c26eda5d25,UnionGrid Solutions,BR,Yara Kim
93d9fa72ec319b051897f845b82cbfae,DeltaLabs Industries,IN,Lucia Andersen
e86ebb2d3d802bc8313b3cea15ab42ab,BeaconFabric Group,DE,Faisal Patel
09ae96f206ba406b10d2fc23efd9878c,QuantumTech LLC,AU,Sofia Costa
95e45911e5136c6e6561707a1b25847e,AtlasCompute Co,BR,Chen Rossi
dc7cc95da080d59c425547cc24c8da3d,Helios Labs Group,UK,Mei Okafor
70e6844983b736903963ca1b2653548f,GraniteLink Technologies,SG,Ingrid Nguyen
a1175d40d06e1ad61a05e09193302d36,KeystoneMetric Technologies,BR,Faisal Reyes
dcc9f8e76c30e761daaeb732303bc562,SilverGrid Co,US,Diego Rossi
5c1f2e8b7addcc6582e0e6e7791b555c,EmeraldWave Technologies,SG,Ingrid Mbeki
37219e57930dd3bf3512e731342c5cab,SummitTech Holdings,UK,Ingrid Larsson
6196ba8664a1ed6bbf2a2a083686f46e,EmeraldMicro Solutions,AU,Omar Novak
01d1d676229a281be681194b3bcb7592,SterlingByte Systems,BR,Chen Reyes
98f359a2a95d95e26aad4ca906cf8d65,CedarWorks Partners,DE,Priya Nguyen
436678d50138cca6ced52437005b4c23,CascadeWave LLC,UK,Ingrid Costa
b0b26892d04575a8b86ea7b41dbaf721,SummitSignal Corp,US,Ingrid Walsh
b5af4fbdb3454405e1c4a2af5945ee19,SilverMicro Global,DE,Omar Patel
8f1a8cc9597f9a50484297e199d47c46,ApexWorks Systems,SG,Faisal Khan
9575cbcf0af24d70860aacfd55b325f0,LarkWorks Industries,BR,Chen Kim
bb2c129a4f2201e6b511d1baddc098e9,TitanLink Holdings,BR,Priya Rossi
42d53caa4032f5f1cf0672897ce2d2de,SilverCore Technologies,DE,Yara Andersen
b5ad5e68b2188b7aa55c3baab4c61d7c,BeaconCore Systems,IN,Liam Kim
0a300ae0b17b4556a872a592be16ffe9,OrchardWave Inc,AU,Chen Costa
b2b66f39f2158de9dc7abf7ced11c8ab,BeaconLogic Partners,IN,Tomas Nguyen
1dba2491169b13f260c417ae7453f901,AtlasCloud Global,BR,Sofia Moreau
2a3ebfd7f639bea019f786eaad8fdcd0,KeystoneWorks Inc,AU,Yara Duarte
1a0eb01627e6efdf2a9951b08b2a2405,CobaltTech Global,US,Nadia Kim
5911936a6b1856b416858cb7f887d7bb,IronAnalytics Industries,SG,Lucia Reyes
3253cef3aebec854957321e8291a515a,BeaconSphere Industries,BR,Hana Kim
2b9917e808510a0d6d0238fa3e5fc3d4,QuantumStream Co,IN,Mei Khan
344deb86718e059f75f9a8e8b87b89a8,RidgeDigital Group,UK,Sean Mbeki
6a09f802bf52f8830d77083068473638,OrchardVision LLC,AU,Omar Khan
83ae3c89eb98a8a56f1ad32c3a26a783,LarkLogic Partners,IN,Ravi Moreau
814088481f479207743f749ed87a358e,EmeraldSignal Global,BR,Kwame Moreau
9f26ca809bd45fbf762a422a7771fb59,EmeraldCore Industries,BR,Yara Silva
285c6c0a2f987b4e807846125ce65687,AtlasPulse Industries,AU,Ingrid Silva
7d9b98f8484c147f2bbfceadff9f7e8f,CedarCloud Holdings,US,Elena Costa
7c24fcfbfaa4d080cb20f4c07585af44,MeridianSystems Inc,UK,Sean Andersen
4b6bd2c18c957fdcae08ffbb63eb135f,AuroraByte Systems,DE,Ravi Kim
f752b91677ca58ffafc7f3ee53f154e3,KeystoneCompute Partners,IN,Hana Costa
0cdaaded8363ed930ab0c12a92a1fe38,CobaltSignal Solutions,DE,Kwame Tanaka
d4b22e35e89118ee1a74efac3be37f86,SableLoop Corp,AU,Ravi Tanaka
df1462f3749a142fac5fcb1bf509a341,KeystoneCloud Partners,AU,Priya Tanaka
868b89f963872ceab2fbd0f9508e06f7,NorthPulse Partners,IN,Lucia Costa
9e5b14128df28a4b42a0aa36e416b2b8,QuantumLogic Global,IN,Omar Kim
478d37625160136201e7f5750fe3b530,GraniteSystems Inc,BR,Hana Mbeki
c8fedd87d35eb0704964ce23e33382fa,IronCore Industries,SG,Faisal Okafor
3d6e508ef442741d54eac88ed9bd5a58,NovaMicro Partners,SG,Lucia Rossi
c125fc8f74d3c715b05bf91cf4a4e8cb,OnyxAnalytics Holdings,IN,Lucia Silva
43b4e4d7a0f852ddd19eaf53a8412801,HarborCloud Technologies,AU,Ravi Khan
487daa12b20519dacfa3c1c0d6cc753e,BlueByte Technologies,DE,Liam Kim
e8efcd99d13226360d9e796996c6bba2,SableAnalytics LLC,UK,Sean Okafor
0ab944e42e9cbfe28a07d7d9d22134bb,CascadeAnalytics Group,SG,Liam Larsson
418ff640e466a84fd042bb942cd50cce,Allied Sphere Global,SG,Ingrid Tanaka
dfd04551c267862818330dcfb61e7a0f,VanguardMicro Co,AU,Tomas Larsson
c702389279480ca63049ffe89bfecbbe,BeaconAnalytics Systems,AU,Priya Reyes
6cb3ae07a649300da39f3eb9c669a321,SummitWave Partners,AU,Lucia Khan
f7436b1e2d1d049926617aaca3ff7265,OnyxByte Partners,UK,Lucia Silva
dca56249584e35c38d17e7384752560c,LarkLogic Inc,DE,Diego Walsh
54a677f5fff35c289d257523c1682bda,PioneerMetric Group,SG,Nadia Duarte
2126756edd5367cf5af2ecda2c31cd12,BrightCloud Holdings,BR,Ravi Mbeki
83b9f02dfee60b75ee2a7019f189552e,NorthLink Systems,US,Lucia Kim
b704797eee48c92fff77f72c2cf67c3d,SilverNexus Holdings,IN,Diego Walsh
747750a4d684a56a34d131983ce42efe,Allied Labs Systems,DE,Sean Mbeki
11e93eb137b1fea888acccb5cc15483f,SterlingNetworks Technologies,AU,Chen Duarte
9910adbc900d3ef4a880fd9aa1764272,UnionSignal Partners,DE,Hana Reyes
5f64ce86641e273d7a0613ac1268219b,NovaFabric LLC,US,Mei Kim
bdd2c79a3c48e89623adcb068f294735,VanguardSignal Global,DE,Faisal Novak
b190493f41d4799331d862dd4477bb6c,NovaCompute Holdings,UK,Kwame Okafor
09bf5615d9f0bea8e4e052cee1bd9803,Standard Metric Solutions,UK,Mei Novak
8a976d7a6d7d552ac74b7cbd99dda37d,CrownStream Systems,AU,Ravi Khan
6ac3cc6fab491618ed5a0bb03d822759,GraniteCloud Industries,US,Sean Nguyen
9f3c5911af7411a1b0f3321d790cb1b4,LarkStream Systems,SG,Omar Silva
386e6e637941f1ee0f0d283777d746ca,BeaconVector Co,IN,Lucia Khan
d9d27128a9962bdd86341a73388ccc4b,Pan-Atlantic Pulse Systems,BR,Nadia Silva
8a55e71ec574d361379f01ed2579f316,BrightAnalytics Holdings,BR,Diego Kim
5682caec0928b411232fe2b1554b9891,VertexTech Holdings,AU,Chen Patel
831757cf40ca05019e2b91375decb195,BeaconVector Corp,UK,Lucia Novak
cab827300cda77834edeb13d76f74668,PacificSignal Group,IN,Liam Silva
a1b77bb6d1445249d3e1613eac518779,BrightTech Systems,AU,Faisal Novak
c7c5cfa2ea2541cd06ce70d0a37a1113,CopperGrid Group,SG,Hana Walsh
0e11e6714a882f1bc7e0e1960ae4872b,GraniteData Holdings,DE,Sean Khan
0da29ae50de541be292172e48353a57a,GraniteSphere Global,US,Elena Patel
b1a4aa14471ba76f3330a4ef627f53c5,CobaltLogic LLC,BR,Lucia Walsh
e969942a20696172e0c274a8010908e8,UnionSoft Inc,SG,Ravi Okafor
015aa373465f8052de5628b61876191b,Allied Digital Partners,IN,Faisal Moreau
e57461065649e4ab806f35eb7d3cc68b,VertexVision Partners,UK,Ingrid Rossi
22a31279253e1e540b02f2667871e4cd,DeltaLoop Co,US,Diego Okafor
d61b4af8fa8dc914ef2495e3b66f9e40,SilverNexus Technologies,UK,Nadia Haddad
16ad9d7196a8ee8436db5a58515dfe15,SummitStream Group,DE,Yara Andersen
c4b3f15dd580d471d27289e4fe4c092b,CopperCompute Industries,AU,Ravi Silva
81c5653cbf6e743871aaf7d92be96fad,EmeraldSoft Group,IN,Ravi Okafor
284e87c635b0815c3d841fadbd21fd2a,SableSystems Industries,SG,Faisal Andersen
2937a6fbed50a66e0011c6067002ca09,RidgeSphere Industries,BR,Tomas Patel
93da4abf8aa7193b7ae7ba0db63e8b89,CedarCloud Industries,BR,Lucia Larsson
362238f5b52190edb8b47c33cfcff2d5,UnionFabric Group,SG,Nadia Silva
e41cf552bc466ce4ecaef6860464730c,SableFabric Industries,BR,Liam Larsson
16c5b6454fefc8620752607b0029b2b5,Standard Wave Group,IN,Diego Okafor
f931fe4f8571ea6dc50fff62157c3390,Consolidated Logic LLC,BR,Ravi Andersen
aada487aa3be32d89f035124304ba2fe,UnionSphere Partners,IN,Lucia Mbeki
b9031c31bd27f8d345af5ea25fc976f3,OnyxWorks Holdings,AU,Mei Khan
d787d54a8844b759abf8eb7d881ea079,MeridianSoft Corp,DE,Lucia Rossi
741ebed979f4daa28a1e104e7a348807,Consolidated Tech Solutions,US,Liam Okafor
e0ce815065bc2c65897753372ba4135a,PioneerLogic Holdings,BR,Priya Nguyen
455bec0f01ea30efab3d74c48bd4d27b,Meridian Networks Industries,BR,Faisal Costa
cd79bd8f7f0f5e93ad37c5851d447f95,OnyxMicro Systems,DE,Hana Duarte
0b6f2eb0c93d1061f4d39f56b8191eb7,SterlingLogic Inc,IN,Mei Mbeki
969a8eb634d346554680e720b6c0594d,MapleGrid Solutions,BR,Hana Tanaka
e31b977988b9a172c62da5b8de03e77f,QuantumLink Partners,IN,Yara Khan
586ec04b76a02d0e6ccf03c0956e77b5,OnyxSystems Systems,US,Lucia Patel
12099cbe98208e73b7f90ace78c01612,DeltaLink Systems,IN,Nadia Rossi
f6afb2817066b1257067cf6b488c555e,CopperSignal Solutions,BR,Lucia Novak
9d8dc8f35aec6839e04c4cb3225581ca,UnionDigital Holdings,US,Elena Larsson
cb49b147c472310839d370e334bd911e,OrchardWave Holdings,AU,Aisha Tanaka
662847d4510f7ceafa865141d6f799a3,KeystoneDynamics Partners,UK,Ravi Andersen
eeb12db491e3a3b387c574e2ef3b18ae,SilverVector Corp,BR,Sean Andersen
f6f05abd12a573d96ca1b642d56ffac2,GraniteDynamics Systems,SG,Ingrid Andersen
0c5b6a219d4b8832a76aa49b4026d95e,RidgeCompute Inc,IN,Chen Novak
e3734fab1226d850d3a455d61122da0f,Helios Soft Inc,SG,Nadia Mbeki
244545257ab21d3ff9f4b1332d3c0c8f,MapleLoop Solutions,DE,Noah Duarte
2ffc32c77711edcf5ab1a9dc1350cc4f,SummitLink Global,BR,Tomas Walsh
ae5912c82ba98c2e2a4282aa8cdaec07,RidgeFabric Technologies,US,Nadia Tanaka
b759d85c2af6a92e139c4dddd64651ca,SterlingCore Systems,UK,Kwame Duarte
cb54f8aa440d70b6440d12007defcc72,HarborVector Technologies,BR,Tomas Silva
45bd37606797f7395a3007e699ccc653,SterlingData Holdings,AU,Priya Larsson
c4d1fc00e23f29d8e7fbfa2edad6ab02,SterlingLink Systems,DE,Omar Khan
138572e51e531af015b632a48e1b1142,AuroraSignal Solutions,BR,Chen Duarte
fd217d0313a5ecc754aa418f9a0e63cf,SilverCore Industries,AU,Tomas Mbeki
e1bb871447a783efa417d27570bd8a7a,BlueSphere Technologies,BR,Yara Rossi
cfa5a995920a5a1dfc7d6ea3e4d7597f,MapleCore LLC,DE,Ingrid Andersen
2d471a1d9c4d948d5d94b2907bb5eb3f,LarkSignal LLC,US,Priya Duarte
9ba3a3e5d24649823075a753d14f9b35,NovaSystems Co,SG,Mei Reyes
5b31ee5cc077f897916f7d9d4b04b4cc,BrightStream LLC,AU,Sofia Kim
8d82d45858e8d65e1331bf609d835af1,DeltaNetworks Global,US,Diego Walsh
36cc012652a5292111e3d5d94123aefd,RidgeStream LLC,AU,Liam Tanaka
e90f82bf42a00b0fc7701281b9e29f39,AtlasDynamics Global,BR,Aisha Reyes
3d6a22e5ab2a318962f80f761b3b29dd,CobaltCompute Partners,SG,Ravi Haddad
bf5b660683c94a6c7fefdd8600784304,PioneerLabs Technologies,UK,Noah Andersen
33974a61e04f90e5f19368eaac59eb38,BlueForge Corp,US,Nadia Tanaka
4924a202c7e3f55ba7b14c094207ac60,CopperTech Industries,DE,Noah Duarte
13a4aad0dcd526235131c51e59edfcae,CopperLink Technologies,DE,Elena Moreau
0c5776310142cba118c35809177ec781,EmeraldVision Global,SG,Sofia Larsson
03c745ab08272a4d23284e64787e2414,EmeraldSystems Partners,BR,Liam Khan
54af84b28761b11126fc2fac02853373,IronCompute Co,UK,Nadia Moreau
6d71a8a640619943f213fa558b872162,VanguardFabric Group,AU,Faisal Andersen
ce3d68a0540b650e070f9bf735003736,HarborStream Co,UK,Priya Rossi
a4eeded04dbad5002a4ad9ec71b34bdf,AuroraSystems Inc,BR,Ingrid Kim
1ff35b02263f19bd3f2d0c8dd92a818b,BeaconFabric Partners,US,Kwame Reyes
8206a52e15e4be8b9ec9bdc0fa5987fe,OnyxData Solutions,AU,Chen Moreau
e892075f2fd85a95896435e5d4fab369,SilverStream Industries,US,Chen Silva
7b9bec0b789e79ebd2d9906ceefa882e,NovaData Holdings,UK,Elena Kim
2fdd141fcd0ce6c12e682651999b63c6,OrchardSphere Co,IN,Sean Kim
c5af38c22b49551e7b126a9db3f94f17,BrightForge Solutions,AU,Ingrid Walsh
495040e1c045ff256b3434d06ceffbe6,CedarVision Group,US,Nadia Reyes
f34d8ff03a88599344a7b2910319f185,EmeraldLink LLC,US,Liam Rossi
ef7e33a1da2da4c61fccded1f7bc1699,CascadeNetworks Group,DE,Yara Larsson
b047e4afeec51299163579e356335749,NovaDigital Inc,AU,Elena Walsh
3183fe905ab9fe935717a26439aeefcb,TitanDigital Industries,SG,Liam Okafor
4cda985d6719d09374dcd44d8c5d54db,SterlingForge Holdings,SG,Liam Walsh
5eb14ca7fbd53d5fc92fb3e4d33200bc,PacificSphere Solutions,BR,Aisha Larsson
9ab80f4a25b7d78dcd6305b15c225ce7,KeystoneMetric Holdings,IN,Lucia Haddad
f4447210094c6153c36b9d7553fb5e01,SummitMetric Systems,IN,Nadia Rossi
3a498cbe2e15a60a1c0c7b5a2817c0e9,SilverSphere Systems,UK,Sean Costa
6b733215946bc0662290ae32beb57ca3,Consolidated Micro Technologies,IN,Sean Okafor
d0ffa48c7ae755beb9c79e7cd45ac278,PioneerData Co,UK,Mei Nguyen
ad2a8dac0f2bb0f4c1e6c976c78bde76,MeridianMetric Partners,US,Sofia Kim
d8955870d29655d94e70af161ee62e7c,OrchardCloud Co,BR,Yara Costa
281fdb7ad3e8a413d9412e804b58c12b,QuantumData Corp,AU,Hana Okafor
667dfa53f3eb6aff747106e77123e771,AtlasLabs Solutions,BR,Ingrid Khan
a3b64483fce223c5ee82c8a4957cfc2b,OnyxLabs Holdings,AU,Aisha Silva
6fd417671fff5b1d8b363eefe1143ba0,CobaltStream Industries,AU,Noah Moreau
bc8231e45ebb45bfcba324c436a4b521,MeridianVision Inc,SG,Lucia Khan
9787e141b08ad78bb021b5fccecf159f,CopperCore Corp,DE,Hana Patel
c7809c2531e2003ce3f9da60920aef9c,VertexSystems Global,SG,Tomas Haddad
8b93b5a83dfc86e2994c0a94df4072e1,BlueGrid Holdings,UK,Lucia Reyes
86f69667f14d2d0705abf01d374b77fb,SableMicro Inc,AU,Omar Novak
068b5f960d0c391787a9e3b7d11e27c5,BlueGrid Industries,UK,Kwame Nguyen
67d096e662030447380923b9f04b96d3,SterlingDigital Technologies,UK,Yara Silva
8f7d61c8b7f4acf6d71549c9b4392f20,KeystoneMicro Global,DE,Chen Reyes
99258018b69b45b087d8236b005412b4,MeridianSignal Industries,IN,Diego Rossi
620291813d95f27fb3bf8104f6a3c813,OnyxSoft LLC,IN,Yara Silva
0be5797a315631e863f53dd2782e5921,OnyxLogic Holdings,AU,Kwame Patel
f6138c851630a7341103e26987de098b,NorthSystems Co,DE,Chen Duarte
d58dd99d2645ec0b63575f760bdd635e,CascadeWorks Holdings,DE,Noah Silva
540e471085e3df5d9b154776a1a30ad3,VanguardCompute Holdings,AU,Ingrid Costa
a47564ba6bcbc72e9d7cee95a2d51cda,MeridianCompute Global,SG,Sofia Silva
761eb781120d51d7322dfad6a9edd55b,VertexAnalytics Technologies,US,Lucia Moreau
4b10bd727fa0ebecdc1e6ec4c96b835b,MeridianDigital Partners,BR,Sean Kim
3aad24cff0251904855faaa81c17fe8a,EmeraldGrid Co,DE,Aisha Nguyen
16915c6dbad6f7c0f3f332433395c8d5,NovaSystems Holdings,AU,Yara Costa
d07ff0103c2ab076751d7fbbab895f60,HarborFabric LLC,BR,Aisha Kim
31242470664733aaf776d8d6374b69d2,HarborSignal Partners,SG,Aisha Larsson
bffe77dfa3cb48498bfb4b429032e5ab,MeridianGrid Co,BR,Diego Silva
60564ee6941bc4e2060f535b6d460346,RidgeAnalytics Technologies,SG,Hana Andersen
14b99ceda08442ec1c51fc745c7c53b2,GraniteDigital LLC,SG,Priya Tanaka
089c7f4f23d83cd2346863ad94a8c6cb,EmeraldGrid Corp,UK,Nadia Walsh
107e0fc1640d1e677e247f7dddcafef7,SummitStream Co,IN,Liam Walsh
a06cb3c58e9d39f56b6a9b7619d4e870,BeaconCloud Partners,SG,Elena Andersen
2e14f0b117b12e13a57e357ec3259185,SilverWorks Holdings,IN,Diego Silva
48cd147e0912805cce695754eb5f59bf,CedarTech Technologies,SG,Chen Mbeki
8759c38b37159d4a1a7afdccb1559cf6,Pan-Atlantic Vision Holdings,US,Lucia Novak
d46b57d345d3f29f3f8e519aae6791fb,PioneerLabs Industries,AU,Yara Patel
8c89eb1b9f8533965bb836ffd37d8d50,NovaNetworks Holdings,UK,Tomas Duarte
6ff340d8cafd2736cb46238797eec6fa,MapleForge Partners,UK,Priya Novak
b6d1900a519353c1d86706b0d384989e,RidgeLink Corp,IN,Elena Okafor
79c471bcaae4ecd8045fcb2a23425e42,OnyxLogic Industries,AU,Chen Walsh
1f8333839f50fccdd6e9e6c3edb7fa81,NovaNexus Inc,AU,Mei Walsh
82fcf5e247b92f849d53c4fc1c95fe6c,UnionWave Solutions,SG,Liam Khan
7937b534ad5ed79f516a3dac74d7a7c8,QuantumTech Holdings,BR,Yara Mbeki
404be8f5f6e5a830f551f144f052948e,KeystoneGrid LLC,DE,Ingrid Walsh
11f93f4115f960789b717da054cdadfb,CrownMicro Solutions,US,Sean Mbeki
513a7851b97afbe211a775bc59051968,EmeraldNetworks Co,DE,Liam Reyes
d8d35807b1d9ba55a4b7d53b93db774b,AtlasDynamics LLC,US,Faisal Duarte
0a4af8ecfc90e5d205dece1d2c9788a0,DeltaTech Co,SG,Tomas Patel
51ef6d2fa447c41201bd737bd998c8b7,BrightMetric Corp,SG,Nadia Khan
63f815d81e9ee0006eec6d36558fbeee,DeltaAnalytics Group,US,Omar Nguyen
0696116065a2789785ba27fe9428f56d,NovaVector Solutions,IN,Lucia Novak
eed6eea79c3d03b08e400c0719f23573,SummitForge Technologies,SG,Kwame Haddad
d1f7fd5a33637e12655cd4ae2d2d4bd7,NovaForge Holdings,SG,Mei Tanaka
949b3ac9c662066e8294b5606f6c0dc3,IronGrid Inc,BR,Faisal Patel
01267beef7ca461bf6d9af140b33b05d,QuantumPulse Systems,AU,Chen Khan
1f10a02fa569973f6717fbced8c7fb8a,UnionStream Group,IN,Yara Reyes
b02360eea1b1d81685780c32688c4752,SummitDynamics Systems,IN,Chen Nguyen
0e80d31f534a13a8786b5fa5624ff328,Consolidated Micro Partners,BR,Kwame Larsson
f5ed18f97c5287c89b834d87fb604509,KeystoneMetric Inc,UK,Sean Larsson
f606981767cd1a08ff98f1d5d48f84b1,OnyxStream Partners,SG,Yara Andersen
21085a03ed5cd8bbcc6d606548d53e60,PioneerPulse LLC,IN,Yara Kim
7523995bbb424cd3487d02c8e22a8128,SummitLabs Co,AU,Noah Khan
b72ab48195c1b1d7f9038b89c37a9f93,ApexWorks Technologies,UK,Sean Patel
8733f17cea96fa6f57c58299b0492552,RidgeLabs Technologies,DE,Kwame Khan
9bd86c4278f44955ce4d0abadb3436d2,DeltaCompute Technologies,US,Liam Okafor
2487e3e2dde9c927372b2da50ac978c3,UnionSystems Solutions,IN,Omar Kim
c3de5f89586a0735ddc79c78f9cb17f7,CobaltAnalytics Systems,SG,Elena Okafor
60099f2a0f7a0fc5156686a5f6e1f4d0,PioneerTech Partners,AU,Kwame Tanaka
2b95d62ede21b3463455c1af93bb2cf7,TitanDynamics Industries,US,Yara Kim
af1700ac35a855d2014ed3ebc8e99f1e,Meridian Wave Systems,AU,Ravi Nguyen
def8efd2def5e7df99cb7055a3db34e3,CascadeMicro Industries,DE,Mei Patel
046177ddb008449cc90756213a2b7ac3,MapleMetric Technologies,BR,Lucia Silva
bad851511d65aa40e16e8af15e66ac7f,BlueGrid Group,US,Aisha Costa
a2f43969d89e992a3688e44781555956,GraniteGrid Co,US,Chen Patel
7bb58b2119b6af64f28307adf80531d5,ApexSoft Solutions,IN,Diego Nguyen
d35e9b596b73819d4aae9d18fde2df10,EmeraldLogic Corp,SG,Yara Haddad
3baa6e85c27524363256a01db21dc5b5,SummitByte LLC,IN,Mei Moreau
7a0e36f9795d98319aaf1fdfbfc76739,AtlasWave Holdings,US,Sean Novak
8fa2e0d6c73eefbb23819b548a3f8070,BluePulse Industries,UK,Liam Duarte
f4c34d118902ea64d8e4fe697eee2616,OnyxSoft Systems,UK,Elena Andersen
b2368be5c57d167ad764e9cd9c14e919,Consolidated Works Technologies,UK,Kwame Mbeki
069c2716159f45c4b7e55e1f01a7831b,CrownLink Solutions,UK,Priya Silva
0051feb3e2783742b8a76d88f5b11b05,NovaSignal Co,IN,Tomas Costa
993191db1b4f9b0d31185712f4b41253,KeystoneCompute Systems,UK,Liam Rossi
f886190d027860fa5c5bd9c013c6781b,AtlasDynamics Group,UK,Elena Reyes
f5aadb0d15750ab07ab50d2fdaf3dd1c,RidgeVision Inc,BR,Ravi Rossi
31e8eea8dcd0ef922cd19b052f45897c,ApexLink Solutions,SG,Omar Tanaka
d182152bd7d0f5125f78489e1c076bbc,BrightPulse Industries,US,Nadia Tanaka
b85860786a2ddb11cf98ed3aabb344e0,ApexMetric Inc,DE,Chen Mbeki
cd1479c9607658efc260565031cf216c,SummitCloud Systems,SG,Kwame Patel
0682322c2d7265a1c698c32c6896ee91,PioneerVector Global,AU,Priya Andersen
a2f9dedd89f37d56a4b47e9601785cf5,MeridianLogic Solutions,IN,Chen Nguyen
a45bfc902ca05bdd94d519f81b86e11a,LarkData Inc,BR,Tomas Reyes
b2a7159b6206b41ced80f18b7938b6da,KeystoneAnalytics Inc,AU,Mei Larsson
bef6811c98892f34d7837b3393caea61,CedarData Group,UK,Sean Silva
dcf7451f3b80ed61cbfef046b6419468,BrightPulse Group,US,Sofia Mbeki
a44f48e884fa218ae4e2c5862cda71a4,GranitePulse Systems,AU,Lucia Reyes
aca4d1d92adfbfcbf5b89a8c7d2ffb50,CobaltWave Industries,DE,Hana Nguyen
afe45709921713b8f2c0fda9ac78eccd,LarkForge Holdings,AU,Chen Rossi
af070cb4568edf10f72fdc52b2a77f40,VanguardSoft Corp,IN,Elena Costa
c563b34ee2f82313978be02cf21bd130,MeridianVision Industries,US,Ravi Walsh
51506bebe30b34a3523d2f202c8ab252,OnyxCompute Solutions,BR,Tomas Novak
90bc92fb4cd8a4a81717630847e66d1d,CascadeCompute Solutions,AU,Ingrid Andersen
f3c68984ec5ebec27efeba991c2eb164,EmeraldFabric Holdings,US,Liam Silva
