ACCOUNT_SK,CRM_ACCOUNT_ID,ACCOUNT_NAME,ACTIVE_SEATS,PLAN_CODE,MONTHLY_JOBS_L90,REGION_CODE
7000000,001000000000000000,Helios Fabric Co,30,SMB-B,30,APAC
7000007,001000000000000001,PioneerSignal Partners,7,TRIAL,21,APAC
7000014,001000000000000002,SummitSphere Group,3,SMB-A,30,NA-West
7000021,001000000000000003,Standard Logic Group,10,SMB-A,16,NA-East
7000028,001000000000000004,GraniteCompute Technologies,33,SMB-A,30,LATAM
7000035,001000000000000005,CedarMetric Holdings,22,SMB-B,116,NA-East
7000042,001000000000000006,Standard Pulse Solutions,338,SMB-B,6,NA-West
7000049,001000000000000007,VertexSystems LLC,196,ENT-A,22,NA-West
7000056,001000000000000008,Helios Sphere Solutions,423,ENT-A,320,NA-West
7000063,001000000000000009,CrownByte Partners,34,ENT-B,101,NA-West
7000070,001000000000000010,CedarStream Solutions,8,SMB-A,26,NA-West
7000077,001000000000000011,BrightNetworks Holdings,573,SMB-A,19,APAC
7000084,001000000000000012,SableCloud Corp,100,ENT-A,118,NA-West
7000091,001000000000000013,NovaCore Technologies,35,SMB-B,28,LATAM
7000098,001000000000000014,CobaltLabs Corp,16,SMB-A,23,NA-West
7000105,001000000000000015,EmeraldAnalytics Solutions,560,SMB-B,255,EMEA
7000112,001000000000000016,BrightFabric Solutions,127,ENT-B,98,NA-East
7000119,001000000000000017,AuroraVector Systems,180,ENT-B,142,NA-West
7000126,001000000000000018,SterlingLink Partners,494,ENT-A,40,NA-East
7000133,001000000000000019,CopperFabric Group,235,SMB-A,240,APAC
7000140,001000000000000020,HarborLoop Global,525,SMB-B,127,LATAM
7000147,001000000000000021,EmeraldCloud Solutions,30,ENT-A,124,LATAM
7000154,001000000000000022,Standard Micro Inc,310,SMB-B,100,NA-West
7000161,001000000000000023,GraniteSoft Group,237,SMB-B,30,LATAM
7000168,001000000000000024,CrownCore Co,38,TRIAL,63,EMEA
7000175,001000000000000025,TitanWorks Corp,308,SMB-A,240,NA-West
7000182,001000000000000026,PacificWave Corp,28,ENT-A,79,EMEA
7000189,001000000000000027,PacificWave Group,26,ENT-A,37,EMEA
7000196,001000000000000028,TitanSphere Holdings,529,SMB-B,95,EMEA
7000203,001000000000000029,CascadeDynamics Solutions,31,SMB-A,291,APAC
7000210,001000000000000030,SableAnalytics Solutions,208,SMB-B,351,NA-East
7000217,001000000000000031,MapleLink Solutions,19,SMB-A,102,EMEA
7000224,001000000000000032,LarkWave Inc,536,ENT-A,221,LATAM
7000231,001000000000000033,CrownVision LLC,426,ENT-B,336,NA-East
7000238,001000000000000034,SilverMetric Industries,12,ENT-B,101,NA-East
7000245,001000000000000035,IronCore Co,3,SMB-B,185,APAC
7000252,001000000000000036,GraniteLabs Co,214,SMB-A,18,APAC
7000259,001000000000000037,VanguardSignal Corp,539,SMB-B,73,NA-East
7000266,001000000000000038,Helios Labs LLC,11,TRIAL,324,NA-West
7000273,001000000000000039,CedarStream Systems,29,SMB-B,142,NA-East
7000280,001000000000000040,OnyxPulse Holdings,12,ENT-A,35,NA-East
7000287,001000000000000041,TitanVector Partners,260,ENT-A,181,EMEA
7000294,001000000000000042,MapleLogic Industries,29,ENT-B,329,EMEA
7000301,001000000000000043,PioneerLabs Solutions,9,ENT-A,372,NA-East
7000308,001000000000000044,CrownFabric Systems,4,ENT-A,335,EMEA
7000315,001000000000000045,QuantumVision Group,22,ENT-A,16,EMEA
7000322,001000000000000046,CedarTech Solutions,436,SMB-A,73,EMEA
7000329,001000000000000047,RidgeSphere LLC,599,TRIAL,72,NA-East
7000336,001000000000000048,GraniteWave Industries,40,ENT-A,105,NA-West
7000343,001000000000000049,KeystoneWorks Co,39,TRIAL,37,NA-East
7000350,001000000000000050,AtlasFabric LLC,93,SMB-A,274,EMEA
7000357,001000000000000051,PioneerCore Global,11,ENT-A,135,NA-East
7000364,001000000000000052,NovaTech Co,29,SMB-A,32,EMEA
7000371,001000000000000053,AtlasFabric Technologies,36,SMB-A,44,APAC
7000378,001000000000000054,PioneerGrid Solutions,511,ENT-A,371,NA-East
7000385,001000000000000055,BrightCloud Inc,26,SMB-A,37,NA-East
7000392,001000000000000056,CobaltStream Co,15,ENT-B,155,NA-East
7000399,001000000000000057,RidgeStream Partners,307,SMB-A,204,EMEA
7000406,001000000000000058,BeaconVector LLC,33,TRIAL,29,APAC
7000413,001000000000000059,NorthPulse Group,587,ENT-A,36,NA-West
7000420,001000000000000060,QuantumStream Systems,22,ENT-B,77,APAC
7000427,001000000000000061,VertexFabric Systems,294,TRIAL,105,APAC
7000434,001000000000000062,GraniteVision Group,370,TRIAL,33,APAC
7000441,001000000000000063,RidgeMicro Systems,267,SMB-A,240,APAC
7000448,001000000000000064,BrightVision Industries,257,ENT-B,28,EMEA
7000455,001000000000000065,ApexMetric Technologies,498,ENT-B,4,APAC
7000462,001000000000000066,IronPulse Group,5,SMB-B,29,EMEA
7000469,001000000000000067,BlueLogic Inc,390,ENT-B,61,NA-East
7000476,001000000000000068,IronSoft Industries,197,SMB-B,310,NA-East
7000483,001000000000000069,NovaMetric Technologies,33,ENT-A,219,APAC
7000490,001000000000000070,QuantumVector LLC,521,TRIAL,47,NA-West
7000497,001000000000000071,SterlingLink Holdings,6,TRIAL,142,NA-East
7000504,001000000000000072,MeridianNexus Co,413,ENT-B,251,NA-East
7000511,001000000000000073,UnionTech LLC,396,SMB-A,343,NA-West
7000518,001000000000000074,EmeraldWorks Holdings,547,SMB-A,29,LATAM
7000525,001000000000000075,GraniteMetric Group,4,ENT-A,37,EMEA
7000532,001000000000000076,BlueStream Global,3,TRIAL,33,NA-West
7000539,001000000000000077,RidgeStream Solutions,199,SMB-B,0,NA-West
7000546,001000000000000078,AuroraMetric LLC,8,SMB-B,87,NA-West
7000553,001000000000000079,OrchardVision Solutions,17,SMB-A,39,EMEA
7000560,001000000000000080,BrightSphere Systems,7,SMB-B,276,EMEA
7000567,001000000000000081,BluePulse Inc,589,TRIAL,306,NA-East
7000574,001000000000000082,GraniteByte Industries,68,TRIAL,25,NA-West
7000581,001000000000000083,HarborNetworks Solutions,31,SMB-B,37,APAC
7000588,001000000000000084,UnionByte Inc,6,SMB-B,396,NA-East
7000595,001000000000000085,TitanNetworks Industries,332,SMB-B,122,NA-East
7000602,001000000000000086,Standard Metric Partners,321,SMB-A,364,NA-East
7000609,001000000000000087,CopperCompute Inc,213,TRIAL,191,APAC
7000616,001000000000000088,SummitNetworks Corp,505,SMB-A,278,LATAM
7000623,001000000000000089,QuantumSignal Industries,346,SMB-A,89,NA-East
7000630,001000000000000090,DeltaLoop LLC,13,ENT-A,16,NA-East
7000637,001000000000000091,Standard Micro Group,188,SMB-A,170,APAC
7000644,001000000000000092,BlueCompute Inc,38,SMB-A,164,LATAM
7000651,001000000000000093,CrownVector Holdings,112,SMB-B,46,NA-West
7000658,001000000000000094,SableLogic Technologies,115,SMB-B,44,LATAM
7000665,001000000000000095,UnionDynamics Industries,5,SMB-B,13,NA-West
7000672,001000000000000096,PioneerCore Group,341,ENT-A,46,NA-West
7000679,001000000000000097,EmeraldByte Corp,22,SMB-A,292,LATAM
7000686,001000000000000098,MeridianCompute Technologies,568,TRIAL,7,NA-East
7000693,001000000000000099,Allied Digital Co,8,SMB-B,127,APAC
7000700,001000000000000100,CascadeLink Partners,19,SMB-B,397,NA-West
7000707,001000000000000101,NorthFabric LLC,38,TRIAL,90,EMEA
7000714,001000000000000102,PacificLoop Inc,70,SMB-B,20,NA-West
7000721,001000000000000103,SableVector Co,19,ENT-A,273,LATAM
7000728,001000000000000104,KeystoneMicro Holdings,241,SMB-B,249,APAC
7000735,001000000000000105,SummitNetworks Solutions,197,TRIAL,59,NA-East
7000742,001000000000000106,CedarAnalytics Co,270,TRIAL,105,NA-East
7000749,001000000000000107,MeridianMetric Corp,181,TRIAL,117,LATAM
7000756,001000000000000108,GraniteStream Industries,103,SMB-B,44,EMEA
7000763,001000000000000109,TitanDigital Systems,468,SMB-A,91,LATAM
7000770,001000000000000110,UnionVision LLC,493,SMB-A,270,NA-West
7000777,001000000000000111,QuantumVision Technologies,225,ENT-B,300,NA-West
7000784,001000000000000112,Pan-Atlantic Analytics Holdings,182,ENT-B,103,APAC
7000791,001000000000000113,CrownLoop LLC,5,TRIAL,65,EMEA
7000798,001000000000000114,LarkWorks Co,225,SMB-B,36,NA-East
7000805,001000000000000115,UnionWorks Technologies,569,SMB-B,284,NA-East
7000812,001000000000000116,SableWorks Industries,209,TRIAL,309,NA-East
7000819,001000000000000117,CascadeGrid Solutions,18,SMB-B,151,NA-East
7000826,001000000000000118,CedarLogic Group,375,TRIAL,130,NA-East
7000833,001000000000000119,TitanMetric Co,85,SMB-B,333,NA-East
7000840,001000000000000120,CrownLink Technologies,521,TRIAL,4,NA-West
7000847,001000000000000121,GraniteTech Solutions,86,TRIAL,107,APAC
7000854,001000000000000122,DeltaWorks Solutions,11,ENT-A,46,LATAM
7000861,001000000000000123,Standard Analytics Corp,140,SMB-B,358,NA-West
7000868,001000000000000124,NovaData Global,353,ENT-B,136,LATAM
7000875,001000000000000125,TitanDynamics Inc,185,SMB-A,22,EMEA
7000882,001000000000000126,VanguardLabs Holdings,7,SMB-B,120,EMEA
7000889,001000000000000127,QuantumWave Industries,509,SMB-B,29,NA-West
7000896,001000000000000128,VertexNexus Co,21,ENT-B,267,EMEA
7000903,001000000000000129,EmeraldGrid Technologies,297,SMB-B,199,NA-East
7000910,001000000000000130,MeridianWave Technologies,18,SMB-A,228,EMEA
7000917,001000000000000131,BeaconGrid Partners,302,SMB-A,145,NA-East
7000924,001000000000000132,NovaCompute Co,39,TRIAL,33,LATAM
7000931,001000000000000133,ApexLink Industries,19,ENT-A,123,APAC
7000938,001000000000000134,UnionLink Corp,371,TRIAL,33,EMEA
7000945,001000000000000135,RidgeData Systems,21,TRIAL,12,APAC
7000952,001000000000000136,CrownWave Group,26,ENT-B,67,NA-East
7000959,001000000000000137,BeaconSphere Co,7,ENT-A,24,APAC
7000966,001000000000000138,CopperData LLC,6,SMB-A,39,EMEA
7000973,001000000000000139,SilverVision Partners,21,ENT-B,136,LATAM
7000980,001000000000000140,VertexWorks Group,226,ENT-A,256,NA-East
7000987,001000000000000141,AuroraSystems Holdings,35,ENT-A,123,NA-West
7000994,001000000000000142,IronVision Co,153,TRIAL,144,LATAM
7001001,001000000000000143,CedarPulse Group,17,SMB-B,352,NA-West
7001008,001000000000000144,CobaltNetworks Corp,36,ENT-A,322,LATAM
7001015,001000000000000145,CobaltDigital Holdings,493,SMB-B,119,EMEA
7001022,001000000000000146,NovaForge Technologies,31,ENT-B,258,EMEA
7001029,001000000000000147,NorthDynamics Group,30,SMB-A,133,NA-West
7001036,001000000000000148,PacificSystems Industries,38,TRIAL,60,EMEA
7001043,001000000000000149,ApexVision Corp,368,SMB-B,91,NA-West
7001050,001000000000000150,NorthDigital Solutions,537,ENT-A,254,NA-West
7001057,001000000000000151,AuroraLink Group,145,ENT-A,69,EMEA
7001064,001000000000000152,PioneerDigital Technologies,32,SMB-A,127,APAC
7001071,001000000000000153,NorthLogic Partners,291,SMB-B,18,APAC
7001078,001000000000000154,LarkMetric Industries,580,ENT-A,109,NA-East
7001085,001000000000000155,BrightLink Industries,15,SMB-B,145,LATAM
7001092,001000000000000156,Consolidated Stream Co,49,SMB-A,142,NA-East
7001099,001000000000000157,MeridianData Systems,296,SMB-A,129,NA-West
7001106,001000000000000158,AuroraCompute Solutions,552,TRIAL,14,LATAM
7001113,001000000000000159,KeystoneWorks Global,566,TRIAL,248,NA-East
7001120,001000000000000160,VertexNetworks Technologies,228,ENT-A,19,NA-West
7001127,001000000000000161,KeystoneLink Systems,140,SMB-B,221,LATAM
7001134,001000000000000162,ApexStream Co,255,TRIAL,57,NA-East
7001141,001000000000000163,BeaconAnalytics Corp,391,ENT-B,127,NA-West
7001148,001000000000000164,AtlasNetworks Partners,507,ENT-A,38,EMEA
7001155,001000000000000165,DeltaStream Technologies,555,SMB-B,27,NA-East
7001162,001000000000000166,Pan-Atlantic Dynamics Group,31,SMB-A,343,EMEA
7001169,001000000000000167,BeaconLoop LLC,5,SMB-B,339,EMEA
7001176,001000000000000168,ApexVector Partners,89,ENT-B,59,NA-East
7001183,001000000000000169,VertexLogic Corp,30,SMB-B,3,EMEA
7001190,001000000000000170,CopperPulse Corp,366,TRIAL,3,LATAM
7001197,001000000000000171,VanguardMicro Corp,7,ENT-B,213,APAC
7001204,001000000000000172,PacificPulse Corp,505,TRIAL,54,NA-West
7001211,001000000000000173,CrownData Solutions,25,SMB-A,228,NA-West
7001218,001000000000000174,CopperNetworks Technologies,89,SMB-B,26,NA-East
7001225,001000000000000175,MapleTech Group,563,ENT-A,128,NA-East
7001232,001000000000000176,BeaconCore Industries,263,SMB-B,114,EMEA
7001239,001000000000000177,GraniteSignal Holdings,106,TRIAL,372,NA-West
7001246,001000000000000178,Consolidated Metric Solutions,538,SMB-A,90,EMEA
7001253,001000000000000179,UnionGrid Holdings,288,TRIAL,83,NA-West
7001260,001000000000000180,DeltaCore LLC,492,TRIAL,12,APAC
7001267,001000000000000181,SterlingCloud Partners,30,ENT-A,33,NA-West
7001274,001000000000000182,DeltaFabric Corp,451,ENT-A,28,EMEA
7001281,001000000000000183,QuantumNetworks LLC,31,SMB-B,169,NA-East
7001288,001000000000000184,AtlasLogic Holdings,40,ENT-B,66,LATAM
7001295,001000000000000185,ApexSignal Solutions,584,SMB-B,36,LATAM
7001302,001000000000000186,AtlasNexus LLC,33,SMB-B,70,APAC
7001309,001000000000000187,KeystoneNetworks Corp,13,TRIAL,87,NA-East
7001316,001000000000000188,MeridianNetworks Corp,424,ENT-A,144,NA-West
7001323,001000000000000189,CopperSignal Industries,34,ENT-A,18,NA-West
7001330,001000000000000190,VertexNexus Solutions,24,ENT-A,3,NA-East
7001337,001000000000000191,Consolidated Stream Global,22,ENT-B,391,APAC
7001344,001000000000000192,PacificVector Global,36,ENT-A,324,EMEA
7001351,001000000000000193,CascadeLabs LLC,68,ENT-A,6,APAC
7001358,001000000000000194,Pan-Atlantic Byte Systems,9,ENT-A,52,LATAM
7001365,001000000000000195,LarkStream Global,25,ENT-B,341,EMEA
7001372,001000000000000196,BeaconByte Group,505,ENT-B,191,APAC
7001379,001000000000000197,QuantumLogic Industries,16,SMB-A,0,NA-West
7001386,001000000000000198,TitanNexus Partners,331,ENT-A,361,NA-East
7001393,001000000000000199,VertexSignal Corp,595,SMB-A,366,NA-East
7001400,001000000000000200,PioneerMicro Partners,57,SMB-A,258,EMEA
7001407,001000000000000201,HarborLoop Technologies,29,ENT-B,22,EMEA
7001414,001000000000000202,HarborDynamics Group,576,ENT-A,301,NA-West
7001421,001000000000000203,OrchardDigital Technologies,17,ENT-A,69,EMEA
7001428,001000000000000204,SableSignal Group,433,SMB-A,238,NA-East
7001435,001000000000000205,PacificNetworks Corp,411,ENT-A,323,APAC
7001442,001000000000000206,BlueByte Industries,32,ENT-A,129,NA-West
7001449,001000000000000207,BeaconLogic Holdings,503,SMB-B,369,NA-West
7001456,001000000000000208,SummitCore Solutions,347,ENT-A,30,LATAM
7001463,001000000000000209,DeltaForge LLC,36,ENT-A,149,NA-West
7001470,001000000000000210,VanguardFabric Partners,487,SMB-B,310,EMEA
7001477,001000000000000211,CopperFabric Systems,534,ENT-A,22,NA-East
7001484,001000000000000212,Meridian Sphere Solutions,15,ENT-B,237,NA-West
7001491,001000000000000213,KeystoneSignal Technologies,21,SMB-A,91,NA-West
7001498,001000000000000214,HarborStream Technologies,27,SMB-B,98,LATAM
7001505,001000000000000215,QuantumWorks Corp,530,TRIAL,152,LATAM
7001512,001000000000000216,DeltaMicro Solutions,488,ENT-A,27,NA-East
7001519,001000000000000217,AtlasNetworks Global,181,ENT-A,0,APAC
7001526,001000000000000218,CedarSystems Global,21,ENT-B,32,NA-East
7001533,001000000000000219,PacificGrid Inc,120,TRIAL,33,APAC
7001540,001000000000000220,OrchardLogic Corp,7,ENT-B,12,LATAM
7001547,001000000000000221,PacificStream Co,24,SMB-A,362,NA-West
7001554,001000000000000222,CedarGrid Group,27,ENT-B,32,NA-West
7001561,001000000000000223,CopperStream LLC,73,SMB-B,34,EMEA
7001568,001000000000000224,UnionNexus Corp,25,TRIAL,8,LATAM
7001575,001000000000000225,LarkNetworks Corp,39,SMB-A,88,EMEA
7001582,001000000000000226,SilverNexus Systems,137,SMB-A,29,APAC
7001589,001000000000000227,OrchardWave Solutions,10,ENT-B,115,EMEA
7001596,001000000000000228,SummitTech Group,218,TRIAL,208,NA-West
7001603,001000000000000229,CobaltDigital LLC,329,ENT-A,262,NA-West
7001610,001000000000000230,MeridianVision Corp,355,SMB-A,33,NA-East
7001617,001000000000000231,RidgeByte Group,30,ENT-A,41,NA-East
7001624,001000000000000232,NovaTech Inc,9,ENT-B,136,NA-East
7001631,001000000000000233,SilverLoop Holdings,82,ENT-B,6,LATAM
7001638,001000000000000234,EmeraldCloud Systems,399,SMB-B,53,APAC
7001645,001000000000000235,SableTech Inc,19,ENT-A,158,APAC
7001652,001000000000000236,CedarDynamics Partners,83,ENT-B,130,APAC
7001659,001000000000000237,SableLabs Industries,425,SMB-A,316,LATAM
7001666,001000000000000238,GraniteAnalytics Solutions,326,ENT-B,118,NA-West
7001673,001000000000000239,AtlasSphere LLC,96,SMB-A,337,NA-West
7001680,001000000000000240,TitanSphere Global,257,ENT-B,282,EMEA
7001687,001000000000000241,BrightLoop Holdings,276,TRIAL,330,NA-East
7001694,001000000000000242,QuantumMetric Solutions,38,SMB-A,115,NA-East
7001701,001000000000000243,QuantumTech Technologies,6,SMB-B,31,EMEA
7001708,001000000000000244,CobaltDigital Partners,32,SMB-A,12,LATAM
7001715,001000000000000245,CobaltLoop Technologies,16,ENT-A,313,NA-West
7001722,001000000000000246,SterlingLoop Corp,24,SMB-A,4,EMEA
7001729,001000000000000247,OnyxData Corp,17,SMB-B,159,LATAM
7001736,001000000000000248,Helios Soft Partners,282,SMB-A,368,EMEA
7001743,001000000000000249,IronSystems Inc,483,ENT-A,16,EMEA
7001750,001000000000000250,KeystoneWorks Corp,33,ENT-B,206,LATAM
7001757,001000000000000251,CobaltFabric Global,167,SMB-B,159,APAC
7001764,001000000000000252,ApexFabric Holdings,9,TRIAL,134,LATAM
7001771,001000000000000253,DeltaCloud Co,484,ENT-B,111,LATAM
7001778,001000000000000254,NovaLink Global,9,SMB-A,241,NA-East
7001785,001000000000000255,OnyxVision Corp,409,ENT-B,73,NA-West
7001792,001000000000000256,SterlingWave Inc,31,SMB-B,17,EMEA
7001799,001000000000000257,PacificLink Technologies,554,SMB-B,233,NA-West
7001806,001000000000000258,MapleVector Partners,317,SMB-A,105,EMEA
7001813,001000000000000259,SableStream Industries,185,TRIAL,269,NA-East
7001820,001000000000000260,OnyxAnalytics Group,359,SMB-B,33,APAC
7001827,001000000000000261,MapleAnalytics Group,433,ENT-B,299,NA-West
7001834,001000000000000262,TitanGrid Group,494,SMB-A,40,NA-West
7001841,001000000000000263,GraniteSignal Global,17,TRIAL,273,APAC
7001848,001000000000000264,TitanSystems LLC,11,ENT-B,200,APAC
7001855,001000000000000265,AuroraMicro Global,31,TRIAL,113,NA-West
7001862,001000000000000266,VanguardVision Systems,463,SMB-A,17,LATAM
7001869,001000000000000267,KeystoneLabs Systems,27,SMB-B,16,NA-East
7001876,001000000000000268,GraniteWave Co,3,TRIAL,109,NA-West
7001883,001000000000000269,CopperStream Global,419,SMB-B,239,EMEA
7001890,001000000000000270,IronGrid Holdings,21,ENT-B,84,APAC
7001897,001000000000000271,TitanFabric Systems,362,ENT-A,14,NA-West
7001904,001000000000000272,LarkWorks LLC,215,SMB-A,20,LATAM
7001911,001000000000000273,AuroraVector Partners,43,SMB-B,218,EMEA
7001918,001000000000000274,SilverFabric Systems,17,TRIAL,60,APAC
7001925,001000000000000275,DeltaLoop Technologies,597,TRIAL,23,LATAM
7001932,001000000000000276,LarkPulse Systems,275,ENT-B,217,LATAM
7001939,001000000000000277,ApexAnalytics Solutions,8,SMB-A,141,LATAM
7001946,001000000000000278,PacificFabric Solutions,30,SMB-A,24,EMEA
7001953,001000000000000279,BlueStream Solutions,29,SMB-A,388,NA-West
7001960,001000000000000280,CopperNexus Technologies,19,TRIAL,153,EMEA
7001967,001000000000000281,LarkSystems Inc,8,SMB-A,150,LATAM
7001974,001000000000000282,CascadeCore Global,518,TRIAL,10,APAC
7001981,001000000000000283,Meridian Core LLC,211,SMB-B,191,LATAM
7001988,001000000000000284,Allied Analytics Solutions,36,ENT-A,111,NA-East
7001995,001000000000000285,SilverWorks Solutions,28,ENT-A,232,APAC
7002002,001000000000000286,TitanTech Holdings,26,SMB-B,28,NA-West
7002009,001000000000000287,DeltaPulse Group,8,SMB-A,24,APAC
7002016,001000000000000288,Pan-Atlantic Micro Corp,521,SMB-A,13,NA-East
7002023,001000000000000289,ApexMetric Holdings,516,SMB-B,391,LATAM
7002030,001000000000000290,CascadeStream Global,273,SMB-B,139,NA-West
7002037,001000000000000291,MapleWave Technologies,389,ENT-A,222,APAC
7002044,001000000000000292,ApexMetric Global,348,TRIAL,26,EMEA
7002051,001000000000000293,BlueVision Inc,537,SMB-B,0,NA-East
7002058,001000000000000294,DeltaStream Holdings,36,TRIAL,63,LATAM
7002065,001000000000000295,BeaconPulse Industries,3,SMB-A,32,APAC
7002072,001000000000000296,VertexMetric LLC,156,TRIAL,103,NA-East
7002079,001000000000000297,SilverLogic Partners,444,ENT-A,127,APAC
7002086,001000000000000298,NorthDigital Global,30,TRIAL,356,APAC
7002093,001000000000000299,Helios Labs Solutions,212,TRIAL,39,NA-West
7002100,001000000000000300,SilverTech Partners,9,SMB-B,287,LATAM
7002107,001000000000000301,RidgeLoop Inc,424,TRIAL,25,NA-East
7002114,001000000000000302,IronSphere Global,22,ENT-A,69,NA-East
7002121,001000000000000303,BrightData Global,378,SMB-A,21,EMEA
7002128,001000000000000304,NorthData Co,25,SMB-B,273,EMEA
7002135,001000000000000305,MapleDigital Partners,3,SMB-A,99,LATAM
7002142,001000000000000306,TitanStream Inc,573,SMB-B,200,NA-West
7002149,001000000000000307,TitanPulse Corp,10,SMB-A,294,NA-East
7002156,001000000000000308,HarborCloud LLC,36,ENT-B,140,APAC
7002163,001000000000000309,CopperSoft Industries,173,SMB-B,204,LATAM
7002170,001000000000000310,NovaCompute Inc,24,SMB-B,11,APAC
7002177,001000000000000311,OrchardSystems Systems,9,TRIAL,179,NA-West
7002184,001000000000000312,PacificDynamics Systems,541,ENT-B,127,EMEA
7002191,001000000000000313,HarborSignal Technologies,518,TRIAL,194,EMEA
7002198,001000000000000314,SableSoft Partners,8,ENT-B,55,LATAM
7002205,001000000000000315,GraniteByte Technologies,314,ENT-B,154,NA-East
7002212,001000000000000316,CobaltMetric Inc,113,SMB-A,279,APAC
7002219,001000000000000317,VanguardDigital Partners,563,ENT-A,3,NA-East
7002226,001000000000000318,MeridianSignal Systems,597,SMB-B,101,NA-East
7002233,001000000000000319,AuroraLabs Technologies,60,TRIAL,124,LATAM
7002240,001000000000000320,HarborWorks Global,36,SMB-B,25,NA-East
7002247,001000000000000321,PioneerData Global,33,ENT-B,320,NA-West
7002254,001000000000000322,ApexData Global,350,ENT-B,14,APAC
7002261,001000000000000323,Consolidated Stream Group,4,SMB-B,13,NA-West
7002268,001000000000000324,SummitWorks Industries,313,ENT-B,59,EMEA
7002275,001000000000000325,Meridian Digital Corp,133,TRIAL,20,APAC
7002282,001000000000000326,IronCloud Co,216,ENT-B,291,EMEA
7002289,001000000000000327,NovaTech Industries,36,SMB-A,17,LATAM
7002296,001000000000000328,HarborCompute Co,5,TRIAL,18,APAC
7002303,001000000000000329,TitanLogic Technologies,27,SMB-A,55,NA-East
7002310,001000000000000330,Meridian Nexus Holdings,11,TRIAL,280,NA-East
7002317,001000000000000331,SterlingByte Global,18,SMB-A,1,NA-West
7002324,001000000000000332,SterlingCompute Holdings,428,ENT-B,10,NA-East
7002331,001000000000000333,MeridianPulse Group,591,SMB-A,27,LATAM
7002338,001000000000000334,BlueFabric Partners,399,ENT-B,358,APAC
7002345,001000000000000335,BeaconVision Systems,448,ENT-A,37,APAC
7002352,001000000000000336,AuroraLabs Co,164,TRIAL,245,NA-East
7002359,001000000000000337,MeridianDynamics Inc,224,TRIAL,1,APAC
7002366,001000000000000338,NovaByte Inc,21,ENT-A,38,NA-West
7002373,001000000000000339,BlueLink Systems,12,ENT-B,137,NA-East
7002380,001000000000000340,NorthPulse Co,14,ENT-A,56,NA-East
7002387,001000000000000341,CascadeLink LLC,21,SMB-B,304,LATAM
7002394,001000000000000342,PacificWorks Technologies,599,SMB-B,6,LATAM
7002401,001000000000000343,CascadeStream Technologies,16,ENT-B,112,APAC
7002408,001000000000000344,Standard Networks Industries,65,ENT-B,3,APAC
7002415,001000000000000345,NovaNexus LLC,33,ENT-A,391,EMEA
7002422,001000000000000346,MapleByte Global,204,TRIAL,50,NA-West
7002429,001000000000000347,PacificWave Solutions,398,TRIAL,74,NA-West
7002436,001000000000000348,Pan-Atlantic Analytics LLC,9,SMB-B,45,NA-East
7002443,001000000000000349,BrightFabric Systems,141,SMB-B,224,APAC
7002450,001000000000000350,SterlingVector Technologies,154,ENT-B,15,EMEA
7002457,001000000000000351,HarborMetric Group,7,SMB-B,10,EMEA
7002464,001000000000000352,IronSoft Systems,165,TRIAL,137,NA-West
7002471,001000000000000353,DeltaData Partners,36,ENT-A,28,EMEA
7002478,001000000000000354,VertexWorks Systems,23,SMB-A,40,NA-West
7002485,001000000000000355,SilverAnalytics Technologies,415,ENT-A,90,APAC
7002492,001000000000000356,GraniteSignal Systems,37,ENT-B,92,EMEA
7002499,001000000000000357,Standard Dynamics LLC,344,SMB-A,50,LATAM
7002506,001000000000000358,Helios Loop Holdings,535,SMB-A,234,EMEA
7002513,001000000000000359,SummitWorks Technologies,38,SMB-B,59,EMEA
7002520,001000000000000360,GraniteDigital Technologies,545,ENT-A,210,EMEA
7002527,001000000000000361,EmeraldGrid Partners,13,ENT-A,118,EMEA
7002534,001000000000000362,AuroraStream Technologies,249,ENT-B,209,LATAM
7002541,001000000000000363,NovaStream Corp,37,TRIAL,2,EMEA
7002548,001000000000000364,SummitSystems Global,361,SMB-B,116,LATAM
7002555,001000000000000365,AuroraLink LLC,225,TRIAL,132,APAC
7002562,001000000000000366,RidgeTech Industries,13,ENT-B,11,LATAM
7002569,001000000000000367,QuantumCompute Global,445,SMB-A,146,LATAM
7002576,001000000000000368,MeridianTech Partners,342,TRIAL,275,NA-West
7002583,001000000000000369,OnyxData Systems,229,ENT-A,109,NA-East
7002590,001000000000000370,DeltaLogic Co,263,SMB-A,45,LATAM
7002597,001000000000000371,KeystoneCore Holdings,20,SMB-A,202,APAC
7002604,001000000000000372,GraniteCloud Co,274,ENT-B,224,LATAM
7002611,001000000000000373,VertexForge Group,193,SMB-B,59,NA-West
7002618,001000000000000374,SableStream Technologies,28,SMB-A,142,APAC
7002625,001000000000000375,MapleGrid Corp,35,SMB-B,0,EMEA
7002632,001000000000000376,NovaSoft Holdings,6,TRIAL,93,APAC
7002639,001000000000000377,BlueAnalytics Holdings,5,TRIAL,176,APAC
7002646,001000000000000378,SummitSystems Partners,318,ENT-A,73,NA-East
7002653,001000000000000379,NorthTech Partners,505,ENT-B,390,NA-East
7002660,001000000000000380,SableSignal Technologies,10,ENT-B,124,APAC
7002667,001000000000000381,NovaNexus Industries,4,ENT-A,47,LATAM
7002674,001000000000000382,SableForge Holdings,26,ENT-A,77,LATAM
7002681,001000000000000383,RidgeSignal Group,34,SMB-A,378,NA-East
7002688,001000000000000384,Standard Vision Systems,10,SMB-B,42,EMEA
7002695,001000000000000385,UnionSystems Technologies,463,SMB-A,145,NA-West
7002702,001000000000000386,SummitNetworks Inc,205,ENT-B,71,LATAM
7002709,001000000000000387,DeltaVision Corp,5,ENT-A,141,NA-East
7002716,001000000000000388,LarkLoop Partners,132,TRIAL,310,APAC
7002723,001000000000000389,NovaSignal Global,186,SMB-A,346,LATAM
7002730,001000000000000390,GraniteDigital Solutions,195,SMB-B,37,LATAM
7002737,001000000000000391,DeltaMicro LLC,475,ENT-B,13,NA-East
7002744,001000000000000392,BrightVision Co,38,ENT-A,28,APAC
7002751,001000000000000393,MeridianByte Technologies,149,SMB-A,252,LATAM
7002758,001000000000000394,OnyxLoop Holdings,31,ENT-A,388,APAC
7002765,001000000000000395,AuroraForge Co,492,ENT-B,249,APAC
7002772,001000000000000396,VertexCompute Global,11,SMB-B,384,NA-East
7002779,001000000000000397,Helios Core Industries,454,SMB-B,87,NA-West
7002786,001000000000000398,Helios Networks Holdings,25,TRIAL,26,NA-West
7002793,001000000000000399,TitanCompute Solutions,416,ENT-B,197,APAC
7002800,001000000000000400,SableWave Holdings,8,ENT-B,144,APAC
7002807,001000000000000401,VertexData Systems,102,ENT-A,21,EMEA
7002814,001000000000000402,GraniteSignal Technologies,21,SMB-B,131,EMEA
7002821,001000000000000403,Helios Signal Group,443,SMB-B,25,EMEA
7002828,001000000000000404,PioneerAnalytics Corp,295,SMB-B,78,LATAM
7002835,001000000000000405,SableDigital Global,5,SMB-B,55,LATAM
7002842,001000000000000406,CopperSystems Systems,428,ENT-A,132,NA-West
7002849,001000000000000407,Consolidated Logic Holdings,14,ENT-B,115,EMEA
7002856,001000000000000408,GraniteForge Partners,25,TRIAL,117,APAC
7002863,001000000000000409,MeridianLogic Global,10,ENT-B,99,LATAM
7002870,001000000000000410,SableGrid Systems,67,ENT-B,39,NA-West
7002877,001000000000000411,KeystoneLabs Global,35,ENT-B,341,NA-West
7002884,001000000000000412,EmeraldWave Group,438,SMB-A,3,NA-East
7002891,001000000000000413,LarkWorks Inc,20,ENT-A,400,LATAM
7002898,001000000000000414,BlueLink Holdings,342,ENT-A,12,LATAM
7002905,001000000000000415,CopperData Technologies,316,ENT-B,82,EMEA
7002912,001000000000000416,BlueForge Inc,152,ENT-A,12,NA-West
7002919,001000000000000417,CascadeForge Corp,29,SMB-A,121,APAC
7002926,001000000000000418,AtlasVector Technologies,303,SMB-A,11,LATAM
7002933,001000000000000419,MeridianData Solutions,454,ENT-B,123,NA-West
7002940,001000000000000420,DeltaStream Industries,27,SMB-B,56,NA-West
7002947,001000000000000421,AuroraWave Inc,38,SMB-B,162,APAC
7002954,001000000000000422,VertexSignal Global,35,TRIAL,109,NA-East
7002961,001000000000000423,VertexLabs Inc,161,TRIAL,36,APAC
7002968,001000000000000424,SilverWave Group,226,SMB-A,66,NA-West
7002975,001000000000000425,BrightCompute Systems,330,TRIAL,11,NA-West
7002982,001000000000000426,AuroraVision Industries,13,TRIAL,341,NA-West
7002989,001000000000000427,PioneerLink Systems,287,TRIAL,361,EMEA
7002996,001000000000000428,CopperCore Industries,28,SMB-B,20,EMEA
7003003,001000000000000429,ApexSystems Inc,347,ENT-B,46,LATAM
7003010,001000000000000430,IronNetworks Systems,35,TRIAL,91,LATAM
7003017,001000000000000431,MapleLogic Partners,358,ENT-B,91,NA-West
7003024,001000000000000432,SummitData Co,476,ENT-A,93,NA-West
7003031,001000000000000433,CopperCore Group,23,ENT-A,256,EMEA
7003038,001000000000000434,PioneerWorks Partners,29,ENT-A,207,LATAM
7003045,001000000000000435,RidgeForge Global,36,SMB-A,75,LATAM
7003052,001000000000000436,CopperFabric Global,486,TRIAL,270,NA-East
7003059,001000000000000437,BlueVector Corp,162,TRIAL,240,EMEA
7003066,001000000000000438,MapleWorks Co,449,SMB-B,12,LATAM
7003073,001000000000000439,CobaltLogic Co,350,SMB-B,162,EMEA
7003080,001000000000000440,AuroraMetric Group,119,SMB-B,12,LATAM
7003087,001000000000000441,VertexDigital Systems,21,ENT-A,7,NA-East
7003094,001000000000000442,DeltaNetworks Holdings,450,TRIAL,12,NA-East
7003101,001000000000000443,SableWorks Co,351,SMB-A,323,NA-West
7003108,001000000000000444,KeystoneAnalytics LLC,476,ENT-B,138,NA-West
7003115,001000000000000445,MeridianPulse LLC,14,SMB-A,35,NA-East
7003122,001000000000000446,CascadeDigital Partners,48,SMB-A,118,APAC
7003129,001000000000000447,TitanDigital Group,114,SMB-A,146,NA-West
7003136,001000000000000448,Meridian Sphere Global,229,SMB-B,9,NA-West
7003143,001000000000000449,HarborDynamics Holdings,177,SMB-B,160,NA-East
7003150,001000000000000450,RidgeCloud Corp,584,TRIAL,297,EMEA
7003157,001000000000000451,SterlingAnalytics Solutions,339,ENT-B,129,APAC
7003164,001000000000000452,VanguardNexus Holdings,264,TRIAL,29,NA-West
7003171,001000000000000453,AuroraWave Technologies,18,ENT-B,39,LATAM
7003178,001000000000000454,MapleMicro Technologies,32,SMB-A,36,NA-East
7003185,001000000000000455,GranitePulse Group,536,SMB-A,96,EMEA
7003192,001000000000000456,CopperDynamics Inc,432,ENT-A,170,NA-West
7003199,001000000000000457,Helios Stream Global,15,TRIAL,11,NA-West
7003206,001000000000000458,Consolidated Nexus Partners,36,ENT-B,340,APAC
7003213,001000000000000459,SterlingCore Group,264,ENT-A,15,APAC
7003220,001000000000000460,KeystoneMetric Corp,362,ENT-B,371,APAC
7003227,001000000000000461,VanguardDynamics Systems,398,SMB-A,323,LATAM
7003234,001000000000000462,OrchardWorks Co,14,SMB-B,83,NA-West
7003241,001000000000000463,AuroraMicro Corp,330,ENT-A,13,NA-East
7003248,001000000000000464,Pan-Atlantic Vector Group,31,ENT-A,380,APAC
7003255,001000000000000465,BeaconDigital LLC,36,ENT-B,72,APAC
7003262,001000000000000466,AtlasStream Systems,35,ENT-A,88,EMEA
7003269,001000000000000467,LarkCore Systems,598,ENT-A,163,EMEA
7003276,001000000000000468,CrownWorks LLC,17,ENT-B,47,NA-West
7003283,001000000000000469,SableSoft Global,476,SMB-A,133,APAC
7003290,001000000000000470,Helios Networks LLC,476,SMB-A,88,NA-East
7003297,001000000000000471,DeltaDigital Co,35,ENT-B,68,LATAM
7003304,001000000000000472,ApexLoop Partners,353,SMB-A,20,LATAM
7003311,001000000000000473,MapleData Systems,284,SMB-B,22,LATAM
7003318,001000000000000474,NovaPulse Systems,12,SMB-B,31,NA-West
7003325,001000000000000475,Meridian Analytics Group,231,SMB-A,181,EMEA
7003332,001000000000000476,QuantumSphere LLC,388,SMB-B,76,APAC
7003339,001000000000000477,CopperLogic Solutions,323,SMB-B,18,LATAM
7003346,001000000000000478,BeaconCloud LLC,3,SMB-A,50,LATAM
7003353,001000000000000479,DeltaLogic Systems,19,SMB-A,68,LATAM
7003360,001000000000000480,CascadeMetric Co,44,SMB-B,141,NA-West
7003367,001000000000000481,CascadeMetric LLC,258,ENT-A,260,EMEA
7003374,001000000000000482,PioneerData Systems,597,ENT-B,46,LATAM
7003381,001000000000000483,BeaconDynamics Holdings,208,SMB-B,103,LATAM
7003388,001000000000000484,SilverDynamics Group,383,SMB-A,133,LATAM
7003395,001000000000000485,SilverVector Co,14,TRIAL,73,NA-East
7003402,001000000000000486,IronCloud Inc,4,SMB-A,3,APAC
7003409,001000000000000487,VertexLabs Holdings,4,ENT-B,9,APAC
7003416,001000000000000488,SableSystems Co,172,SMB-A,242,LATAM
7003423,001000000000000489,SterlingDynamics LLC,351,ENT-A,16,NA-East
7003430,001000000000000490,RidgeFabric Group,34,ENT-A,60,EMEA
7003437,001000000000000491,SummitVision Systems,17,TRIAL,87,EMEA
7003444,001000000000000492,PacificSphere Co,5,TRIAL,204,NA-West
7003451,001000000000000493,SterlingDynamics Industries,23,SMB-A,63,APAC
7003458,001000000000000494,Allied Core Holdings,33,SMB-A,110,NA-West
7003465,001000000000000495,CrownCompute Holdings,10,SMB-B,76,APAC
7003472,001000000000000496,SilverCloud Inc,20,SMB-A,26,LATAM
7003479,001000000000000497,Consolidated Cloud Holdings,15,SMB-A,42,LATAM
7003486,001000000000000498,MeridianMicro Inc,38,TRIAL,5,NA-East
7003493,001000000000000499,RidgeLink Global,27,TRIAL,343,APAC
7003500,001000000000000500,CedarWorks Corp,590,ENT-A,144,NA-East
7003507,001000000000000501,Meridian Data Partners,9,TRIAL,54,EMEA
7003514,001000000000000502,Standard Tech LLC,10,ENT-A,139,LATAM
7003521,001000000000000503,SableForge Corp,291,SMB-A,3,EMEA
7003528,001000000000000504,ApexMicro Corp,33,TRIAL,296,APAC
7003535,001000000000000505,Meridian Analytics Systems,338,SMB-B,131,EMEA
7003542,001000000000000506,BeaconFabric Global,31,SMB-B,103,NA-West
7003549,001000000000000507,CopperMetric LLC,80,ENT-A,68,EMEA
7003556,001000000000000508,EmeraldAnalytics Industries,360,SMB-A,18,NA-West
7003563,001000000000000509,SummitSoft Co,195,TRIAL,226,APAC
7003570,001000000000000510,BrightLabs Corp,469,ENT-B,224,EMEA
7003577,001000000000000511,SummitLoop Technologies,261,SMB-B,24,NA-East
7003584,001000000000000512,OnyxNexus Holdings,162,ENT-A,280,NA-West
7003591,001000000000000513,TitanLogic Corp,211,TRIAL,33,NA-West
7003598,001000000000000514,NorthSignal Solutions,484,ENT-B,183,EMEA
7003605,001000000000000515,Pan-Atlantic Wave Inc,134,SMB-A,128,NA-East
7003612,001000000000000516,CascadeDigital Co,137,ENT-A,385,APAC
7003619,001000000000000517,CascadeWave Industries,97,TRIAL,70,NA-East
7003626,001000000000000518,SterlingGrid Holdings,10,SMB-A,2,LATAM
7003633,001000000000000519,AuroraMicro Industries,25,TRIAL,229,NA-West
7003640,001000000000000520,DeltaCompute Industries,154,ENT-B,295,EMEA
7003647,001000000000000521,QuantumNetworks Corp,289,SMB-B,119,NA-West
7003654,001000000000000522,CascadeCloud Co,379,SMB-B,57,NA-East
7003661,001000000000000523,CopperDigital LLC,525,SMB-B,133,NA-West
7003668,001000000000000524,IronWave Corp,39,SMB-A,366,APAC
7003675,001000000000000525,TitanVision Co,132,SMB-A,13,APAC
7003682,001000000000000526,GraniteNexus Technologies,519,SMB-A,18,EMEA
7003689,001000000000000527,CobaltCore Systems,479,SMB-A,21,LATAM
7003696,001000000000000528,GraniteCloud Group,39,ENT-B,119,NA-East
7003703,001000000000000529,GraniteLoop Group,461,ENT-A,13,NA-East
7003710,001000000000000530,Meridian Signal LLC,7,SMB-B,2,APAC
7003717,001000000000000531,DeltaDigital Corp,20,SMB-B,136,APAC
7003724,001000000000000532,UnionCore Group,31,TRIAL,367,EMEA
7003731,001000000000000533,PacificCore Co,360,TRIAL,113,NA-East
7003738,001000000000000534,SummitGrid Industries,502,SMB-B,133,LATAM
7003745,001000000000000535,SterlingData Technologies,6,SMB-A,75,APAC
7003752,001000000000000536,QuantumCloud Co,196,ENT-A,52,EMEA
7003759,001000000000000537,PacificPulse Group,257,SMB-A,3,EMEA
7003766,001000000000000538,DeltaSphere Holdings,71,SMB-B,27,EMEA
7003773,001000000000000539,MapleSignal Corp,8,ENT-A,233,NA-East
7003780,001000000000000540,AuroraVector Group,3,ENT-A,148,EMEA
7003787,001000000000000541,Standard Data Corp,301,SMB-A,24,LATAM
7003794,001000000000000542,PioneerNetworks LLC,16,TRIAL,16,NA-East
7003801,001000000000000543,OrchardCompute Holdings,13,ENT-B,235,LATAM
7003808,001000000000000544,UnionData Partners,583,SMB-B,12,NA-East
7003815,001000000000000545,HarborTech Partners,585,ENT-B,70,EMEA
7003822,001000000000000546,UnionCloud Industries,32,ENT-A,23,EMEA
7003829,001000000000000547,Consolidated Systems Corp,400,SMB-B,199,NA-East
7003836,001000000000000548,EmeraldLink Partners,396,SMB-A,68,NA-East
7003843,001000000000000549,TitanData Group,30,SMB-A,172,APAC
7003850,001000000000000550,SilverFabric Global,540,TRIAL,0,NA-West
7003857,001000000000000551,LarkMicro Corp,29,SMB-A,115,APAC
7003864,001000000000000552,OrchardSoft Partners,32,SMB-B,35,APAC
7003871,001000000000000553,CrownVision Systems,14,SMB-B,391,NA-East
7003878,001000000000000554,ApexSignal Group,54,TRIAL,118,NA-West
7003885,001000000000000555,Allied Wave Co,399,SMB-A,116,LATAM
7003892,001000000000000556,AtlasLink Partners,38,TRIAL,333,NA-East
7003899,001000000000000557,IronWave Global,18,SMB-B,38,LATAM
7003906,001000000000000558,ApexNexus Technologies,28,ENT-B,37,APAC
7003913,001000000000000559,SilverLoop Technologies,557,ENT-A,28,LATAM
7003920,001000000000000560,Pan-Atlantic Systems Group,32,TRIAL,376,APAC
7003927,001000000000000561,QuantumLink Inc,186,SMB-B,139,NA-West
7003934,001000000000000562,Allied Forge Industries,372,ENT-B,299,EMEA
7003941,001000000000000563,MapleFabric Inc,114,SMB-A,20,NA-East
7003948,001000000000000564,SterlingLabs Partners,181,SMB-B,88,NA-East
7003955,001000000000000565,QuantumMicro Holdings,4,TRIAL,25,NA-West
7003962,001000000000000566,VanguardStream Solutions,16,TRIAL,1,NA-East
7003969,001000000000000567,KeystoneDynamics Holdings,537,SMB-A,81,APAC
7003976,001000000000000568,SableLabs Group,16,SMB-A,300,APAC
7003983,001000000000000569,BrightLogic Corp,14,TRIAL,389,NA-East
7003990,001000000000000570,PacificSphere Corp,34,TRIAL,26,EMEA
7003997,001000000000000571,BlueStream Partners,33,ENT-A,40,NA-East
7004004,001000000000000572,IronMicro Partners,20,ENT-B,122,NA-West
7004011,001000000000000573,MapleAnalytics Inc,545,ENT-A,132,APAC
7004018,001000000000000574,DeltaNetworks LLC,37,SMB-A,199,LATAM
7004025,001000000000000575,CobaltNetworks LLC,60,ENT-A,14,APAC
7004032,001000000000000576,NovaCloud Global,365,ENT-B,145,NA-East
7004039,001000000000000577,CascadeDigital Solutions,491,SMB-A,376,NA-East
7004046,001000000000000578,SummitFabric Holdings,12,TRIAL,23,APAC
7004053,001000000000000579,BrightWave Global,38,ENT-A,121,NA-East
7004060,001000000000000580,SummitLink Corp,132,ENT-A,207,LATAM
7004067,001000000000000581,AuroraVision Co,26,SMB-B,4,EMEA
7004074,001000000000000582,EmeraldSoft Global,101,ENT-A,140,APAC
7004081,001000000000000583,CascadeSoft LLC,256,SMB-B,350,EMEA
7004088,001000000000000584,SableStream LLC,76,ENT-A,337,APAC
7004095,001000000000000585,Standard Digital Group,13,SMB-A,142,NA-West
7004102,001000000000000586,AtlasAnalytics Industries,130,SMB-A,57,NA-East
7004109,001000000000000587,MeridianDynamics LLC,183,SMB-B,40,LATAM
7004116,001000000000000588,GraniteGrid Partners,500,ENT-B,84,LATAM
7004123,001000000000000589,NovaSphere Co,30,TRIAL,362,LATAM
7004130,001000000000000590,VertexSignal Solutions,343,ENT-B,167,NA-West
7004137,001000000000000591,CedarWave Partners,273,SMB-B,20,APAC
7004144,001000000000000592,HarborSphere Global,419,TRIAL,282,NA-West
7004151,001000000000000593,OrchardVector Global,470,SMB-A,259,EMEA
7004158,001000000000000594,SilverSystems Inc,182,ENT-A,11,NA-East
7004165,001000000000000595,SableStream Co,33,TRIAL,108,NA-West
7004172,001000000000000596,SummitWave Inc,286,ENT-A,373,EMEA
7004179,001000000000000597,CopperStream Co,11,ENT-A,160,NA-West
7004186,001000000000000598,DeltaSystems Global,33,ENT-B,305,NA-West
7004193,001000000000000599,BeaconFabric Technologies,163,TRIAL,26,LATAM
7004200,001000000000000600,EmeraldNetworks Inc,540,TRIAL,235,NA-East
7004207,001000000000000601,BrightPulse Inc,508,SMB-A,130,NA-East
7004214,001000000000000602,VertexLogic Global,230,SMB-B,173,NA-West
7004221,001000000000000603,SummitSignal Systems,187,ENT-B,45,NA-East
7004228,001000000000000604,BrightNexus Holdings,336,ENT-A,62,EMEA
7004235,001000000000000605,EmeraldSoft Inc,409,SMB-A,79,APAC
7004242,001000000000000606,SableMicro Corp,72,TRIAL,245,LATAM
7004249,001000000000000607,CedarCore Partners,74,ENT-B,243,EMEA
7004256,001000000000000608,PioneerMicro Co,245,SMB-B,350,NA-West
7004263,001000000000000609,KeystoneNexus Solutions,500,ENT-B,26,NA-East
7004270,001000000000000610,SterlingSystems Group,36,SMB-A,5,NA-West
7004277,001000000000000611,EmeraldVector Industries,36,TRIAL,14,NA-East
7004284,001000000000000612,NovaByte Technologies,206,SMB-B,105,EMEA
7004291,001000000000000613,CedarWave Industries,25,TRIAL,36,APAC
7004298,001000000000000614,UnionByte Partners,289,SMB-A,394,NA-East
7004305,001000000000000615,BeaconLoop Group,28,SMB-B,149,LATAM
7004312,001000000000000616,OrchardStream Systems,39,SMB-A,398,EMEA
7004319,001000000000000617,QuantumAnalytics Inc,275,SMB-B,13,EMEA
7004326,001000000000000618,CrownSystems Inc,171,SMB-B,61,EMEA
7004333,001000000000000619,GraniteSystems Industries,446,SMB-B,88,APAC
7004340,001000000000000620,BrightForge Partners,187,ENT-B,17,APAC
7004347,001000000000000621,SummitSoft Technologies,8,ENT-B,210,NA-West
7004354,001000000000000622,OrchardVision Group,17,ENT-B,116,NA-West
7004361,001000000000000623,EmeraldByte LLC,283,ENT-A,98,LATAM
7004368,001000000000000624,MeridianDynamics Group,35,TRIAL,387,NA-West
7004375,001000000000000625,PacificDynamics Inc,6,ENT-B,8,NA-West
7004382,001000000000000626,RidgeWorks Solutions,237,TRIAL,367,NA-West
7004389,001000000000000627,BrightTech Holdings,101,TRIAL,173,EMEA
7004396,001000000000000628,ApexMetric Corp,11,ENT-B,164,APAC
7004403,001000000000000629,NorthStream Industries,21,TRIAL,28,APAC
7004410,001000000000000630,VanguardNetworks Industries,64,TRIAL,121,EMEA
7004417,001000000000000631,NorthLoop Co,36,TRIAL,106,LATAM
7004424,001000000000000632,SableLink Co,15,SMB-B,94,NA-East
7004431,001000000000000633,DeltaDigital Technologies,556,SMB-B,371,NA-East
7004438,001000000000000634,Meridian Stream Holdings,19,TRIAL,71,EMEA
7004445,001000000000000635,MeridianStream Co,5,SMB-B,26,EMEA
7004452,001000000000000636,CedarWave Corp,32,SMB-A,6,APAC
7004459,001000000000000637,Consolidated Dynamics Systems,186,ENT-A,365,NA-West
7004466,001000000000000638,BrightLink Technologies,409,SMB-A,204,NA-East
7004473,001000000000000639,KeystoneWave Industries,454,ENT-A,46,APAC
7004480,001000000000000640,SilverAnalytics Systems,26,ENT-B,45,EMEA
7004487,001000000000000641,AtlasCore Partners,252,SMB-B,175,APAC
7004494,001000000000000642,TitanByte Group,4,TRIAL,291,LATAM
7004501,001000000000000643,AtlasFabric Systems,201,ENT-B,29,NA-East
7004508,001000000000000644,ApexWave LLC,10,SMB-A,6,EMEA
7004515,001000000000000645,VanguardCompute Group,593,ENT-A,71,EMEA
7004522,001000000000000646,VertexLoop Solutions,282,SMB-A,26,APAC
7004529,001000000000000647,AtlasLoop Systems,511,SMB-A,24,LATAM
7004536,001000000000000648,QuantumSoft Partners,511,TRIAL,330,NA-East
7004543,001000000000000649,AuroraSignal Systems,36,ENT-A,187,EMEA
7004550,001000000000000650,Allied Forge LLC,3,ENT-B,40,NA-East
7004557,001000000000000651,OnyxTech Co,33,ENT-B,229,NA-East
7004564,001000000000000652,CopperSphere Systems,38,ENT-B,395,NA-West
7004571,001000000000000653,Consolidated Grid Co,79,ENT-A,107,NA-East
7004578,001000000000000654,CopperNexus Inc,48,TRIAL,173,APAC
7004585,001000000000000655,MeridianForge Industries,337,ENT-B,385,EMEA
7004592,001000000000000656,OnyxLoop Technologies,22,ENT-A,216,EMEA
7004599,001000000000000657,BrightSoft Inc,24,SMB-A,138,LATAM
7004606,001000000000000658,AtlasSystems Inc,3,TRIAL,4,NA-East
7004613,001000000000000659,BlueVector Global,24,SMB-B,318,NA-West
7004620,001000000000000660,SterlingSignal Co,11,ENT-B,35,EMEA
7004627,001000000000000661,PacificSignal Technologies,227,TRIAL,6,NA-West
7004634,001000000000000662,MapleSoft LLC,562,ENT-B,40,NA-West
7004641,001000000000000663,SterlingSphere Corp,9,ENT-B,9,NA-West
7004648,001000000000000664,QuantumNetworks Solutions,145,SMB-B,12,APAC
7004655,001000000000000665,SilverVision Industries,450,TRIAL,30,APAC
7004662,001000000000000666,IronNexus Corp,4,SMB-B,129,LATAM
7004669,001000000000000667,SableCompute Inc,420,TRIAL,140,NA-East
7004676,001000000000000668,RidgeLabs Industries,9,ENT-A,219,NA-West
7004683,001000000000000669,MapleLabs Industries,115,ENT-A,268,NA-West
7004690,001000000000000670,DeltaNexus LLC,30,ENT-A,4,LATAM
7004697,001000000000000671,DeltaCloud Group,597,ENT-A,0,LATAM
7004704,001000000000000672,AuroraTech Co,13,ENT-B,309,LATAM
7004711,001000000000000673,GraniteDynamics Technologies,233,SMB-B,135,NA-East
7004718,001000000000000674,LarkWorks Technologies,39,SMB-A,54,APAC
7004725,001000000000000675,RidgeWave Systems,535,TRIAL,12,NA-East
7004732,001000000000000676,CascadeCloud Group,480,TRIAL,379,NA-East
7004739,001000000000000677,VanguardTech Holdings,39,TRIAL,0,NA-East
7004746,001000000000000678,Standard Byte Partners,31,TRIAL,39,NA-East
7004753,001000000000000679,PacificDynamics Holdings,566,ENT-B,142,APAC
7004760,001000000000000680,HarborWave Global,30,ENT-B,340,NA-West
7004767,001000000000000681,UnionForge Co,37,SMB-B,383,APAC
7004774,001000000000000682,NorthLabs Systems,77,SMB-A,264,NA-East
7004781,001000000000000683,KeystoneGrid Inc,43,TRIAL,36,NA-West
7004788,001000000000000684,ApexAnalytics Technologies,21,SMB-A,38,APAC
7004795,001000000000000685,GraniteLogic Inc,480,SMB-A,295,LATAM
7004802,001000000000000686,ApexSphere Technologies,451,ENT-A,364,APAC
7004809,001000000000000687,MapleData Co,428,ENT-B,7,LATAM
7004816,001000000000000688,Consolidated Systems Global,30,TRIAL,341,NA-East
7004823,001000000000000689,Helios Byte Co,462,SMB-B,212,NA-West
7004830,001000000000000690,IronVector Holdings,10,SMB-A,138,NA-East
7004837,001000000000000691,CobaltWorks Partners,41,SMB-B,304,LATAM
7004844,001000000000000692,OrchardMetric LLC,244,ENT-B,196,NA-East
7004851,001000000000000693,AuroraLabs Systems,34,ENT-A,143,LATAM
7004858,001000000000000694,PioneerGrid LLC,32,TRIAL,166,NA-East
7004865,001000000000000695,HarborMetric Inc,240,ENT-A,15,LATAM
7004872,001000000000000696,HarborLabs Holdings,408,ENT-B,315,LATAM
7004879,001000000000000697,IronDigital Group,146,ENT-B,353,LATAM
7004886,001000000000000698,EmeraldDigital Partners,13,ENT-B,203,NA-East
7004893,001000000000000699,UnionMicro Co,260,TRIAL,185,NA-West
7004900,001000000000000700,SableByte Inc,6,ENT-B,66,NA-East
7004907,001000000000000701,SableLogic Group,16,SMB-B,0,LATAM
7004914,001000000000000702,PioneerForge Holdings,34,SMB-A,128,EMEA
7004921,001000000000000703,KeystoneStream Technologies,21,TRIAL,43,LATAM
7004928,001000000000000704,IronAnalytics Systems,190,ENT-A,135,APAC
7004935,001000000000000705,SummitLoop Co,4,SMB-A,372,EMEA
7004942,001000000000000706,CopperMetric Corp,23,ENT-B,110,LATAM
7004949,001000000000000707,OrchardMicro Technologies,18,SMB-B,146,NA-West
7004956,001000000000000708,LarkPulse Co,419,TRIAL,69,NA-East
7004963,001000000000000709,UnionLogic Systems,28,SMB-B,15,APAC
7004970,001000000000000710,BlueNexus Partners,24,SMB-A,204,NA-East
7004977,001000000000000711,ApexTech Solutions,118,ENT-A,356,LATAM
7004984,001000000000000712,AuroraCore Group,516,ENT-B,226,NA-East
7004991,001000000000000713,ApexDynamics Holdings,317,SMB-A,188,NA-West
7004998,001000000000000714,CrownMicro LLC,564,ENT-B,42,NA-West
7005005,001000000000000715,HarborStream Group,35,TRIAL,87,NA-West
7005012,001000000000000716,BlueWorks Partners,5,ENT-B,20,APAC
7005019,001000000000000717,QuantumCompute Solutions,409,SMB-B,22,LATAM
7005026,001000000000000718,Helios Pulse Corp,21,ENT-B,253,NA-East
7005033,001000000000000719,SableCore Partners,5,SMB-B,145,APAC
7005040,001000000000000720,EmeraldLoop Solutions,559,SMB-A,276,APAC
7005047,001000000000000721,HarborCore Technologies,18,TRIAL,134,LATAM
7005054,001000000000000722,BrightByte Global,297,ENT-B,110,APAC
7005061,001000000000000723,SilverDigital Industries,35,SMB-A,221,NA-West
7005068,001000000000000724,BlueGrid Inc,438,ENT-A,87,NA-East
7005075,001000000000000725,HarborVision Co,13,SMB-B,222,NA-East
7005082,001000000000000726,HarborVision Group,21,SMB-A,199,EMEA
7005089,001000000000000727,SableSystems Solutions,204,SMB-B,273,NA-East
7005096,001000000000000728,PioneerWorks Global,22,ENT-A,53,APAC
7005103,001000000000000729,DeltaCore Global,7,SMB-B,73,EMEA
7005110,001000000000000730,CrownStream Global,173,TRIAL,22,EMEA
7005117,001000000000000731,IronMicro LLC,591,TRIAL,173,APAC
7005124,001000000000000732,CrownSoft Industries,20,SMB-A,11,EMEA
7005131,001000000000000733,CrownData Corp,6,ENT-A,24,LATAM
7005138,001000000000000734,MapleByte Group,8,SMB-A,370,LATAM
7005145,001000000000000735,CrownWorks Group,138,SMB-B,50,NA-East
7005152,001000000000000736,IronCore Global,558,SMB-B,224,LATAM
7005159,001000000000000737,BeaconNexus Inc,6,ENT-A,84,NA-West
7005166,001000000000000738,QuantumMicro Corp,519,SMB-B,106,APAC
7005173,001000000000000739,KeystoneLink Industries,26,SMB-B,71,LATAM
7005180,001000000000000740,Consolidated Cloud Technologies,24,ENT-B,219,EMEA
7005187,001000000000000741,NorthSystems Holdings,37,SMB-A,210,NA-East
7005194,001000000000000742,SilverSoft Group,23,ENT-B,30,NA-West
7005201,001000000000000743,CrownTech Systems,59,SMB-A,376,APAC
7005208,001000000000000744,HarborAnalytics Partners,234,ENT-A,34,NA-East
7005215,001000000000000745,NovaWorks Corp,33,SMB-B,47,NA-West
7005222,001000000000000746,BrightSystems Corp,247,SMB-B,38,NA-East
7005229,001000000000000747,PioneerPulse Group,505,ENT-A,226,LATAM
7005236,001000000000000748,Allied Loop Corp,414,SMB-B,6,LATAM
7005243,001000000000000749,DeltaLink Inc,19,SMB-A,44,NA-West
7005250,001000000000000750,BlueWave Global,29,ENT-A,216,NA-West
7005257,001000000000000751,Consolidated Soft Systems,32,SMB-B,238,LATAM
7005264,001000000000000752,LarkTech LLC,352,SMB-B,231,NA-West
7005271,001000000000000753,SterlingSoft Co,10,SMB-A,347,NA-East
7005278,001000000000000754,GraniteDynamics Solutions,499,ENT-A,308,LATAM
7005285,001000000000000755,BlueLoop Corp,35,TRIAL,116,LATAM
7005292,001000000000000756,PacificGrid Partners,8,SMB-A,61,EMEA
7005299,001000000000000757,AtlasVision Holdings,47,ENT-A,163,EMEA
7005306,001000000000000758,VertexCloud Inc,389,TRIAL,391,EMEA
7005313,001000000000000759,UnionNexus Global,342,ENT-A,59,NA-West
7005320,001000000000000760,SterlingFabric Solutions,19,ENT-A,129,LATAM
7005327,001000000000000761,SableWave Co,106,ENT-A,7,NA-West
7005334,001000000000000762,CedarVector LLC,31,TRIAL,6,LATAM
7005341,001000000000000763,PacificCompute Inc,325,SMB-A,11,NA-West
7005348,001000000000000764,IronVision Technologies,132,ENT-B,255,NA-East
7005355,001000000000000765,DeltaLogic LLC,245,ENT-B,3,EMEA
7005362,001000000000000766,MapleWorks Global,37,ENT-A,15,EMEA
7005369,001000000000000767,CascadeMicro Corp,10,ENT-B,20,LATAM
7005376,001000000000000768,SterlingCompute Technologies,557,ENT-A,125,APAC
7005383,001000000000000769,QuantumFabric Solutions,35,ENT-A,168,NA-East
7005390,001000000000000770,MapleLabs Corp,188,ENT-B,143,APAC
7005397,001000000000000771,RidgeCompute Holdings,34,TRIAL,313,LATAM
7005404,001000000000000772,VertexLabs Global,469,SMB-A,94,LATAM
7005411,001000000000000773,BrightGrid LLC,12,ENT-A,46,NA-West
7005418,001000000000000774,MeridianAnalytics Holdings,38,TRIAL,39,APAC
7005425,001000000000000775,LarkLoop Co,38,SMB-A,5,NA-East
7005432,001000000000000776,Pan-Atlantic Forge LLC,13,ENT-B,326,NA-West
7005439,001000000000000777,NorthFabric Industries,5,SMB-B,167,APAC
7005446,001000000000000778,NovaSphere Solutions,7,SMB-A,263,NA-East
7005453,001000000000000779,CascadeLogic Corp,458,ENT-B,13,LATAM
7005460,001000000000000780,EmeraldLogic Global,28,SMB-B,1,LATAM
7005467,001000000000000781,NovaCloud Solutions,534,TRIAL,118,NA-East
7005474,001000000000000782,AuroraByte Holdings,259,TRIAL,15,APAC
7005481,001000000000000783,IronSphere Industries,22,SMB-A,386,NA-East
7005488,001000000000000784,PioneerVision Technologies,37,ENT-A,243,NA-West
7005495,001000000000000785,SterlingGrid LLC,16,SMB-A,6,APAC
7005502,001000000000000786,CascadeSoft Corp,35,SMB-A,102,APAC
7005509,001000000000000787,LarkByte Co,529,ENT-B,138,NA-East
7005516,001000000000000788,Consolidated Vision Co,22,SMB-B,137,NA-West
7005523,001000000000000789,ApexFabric Group,540,ENT-B,187,NA-East
7005530,001000000000000790,BrightDigital Inc,8,TRIAL,125,NA-East
7005537,001000000000000791,PioneerDynamics Global,106,SMB-A,45,EMEA
7005544,001000000000000792,Meridian Micro Industries,7,SMB-A,119,NA-West
7005551,001000000000000793,HarborWorks Co,133,SMB-B,44,EMEA
7005558,001000000000000794,OnyxPulse Inc,9,TRIAL,221,EMEA
7005565,001000000000000795,BeaconNexus Industries,103,ENT-B,79,EMEA
7005572,001000000000000796,BeaconNexus Technologies,298,TRIAL,310,EMEA
7005579,001000000000000797,CrownData Inc,8,ENT-A,169,NA-West
7005586,001000000000000798,SilverWave Systems,381,SMB-A,313,NA-West
7005593,001000000000000799,TitanLink Partners,236,ENT-A,225,NA-East
7005600,001000000000000800,NovaLoop Industries,39,ENT-A,51,NA-West
7005607,001000000000000801,AuroraCloud Group,190,ENT-B,1,APAC
7005614,001000000000000802,PioneerLoop Industries,440,SMB-B,110,LATAM
7005621,001000000000000803,AtlasNetworks Corp,464,ENT-A,110,LATAM
7005628,001000000000000804,SilverSignal Holdings,335,TRIAL,8,NA-West
7005635,001000000000000805,IronGrid Technologies,565,ENT-B,61,APAC
7005642,001000000000000806,CascadeCloud Partners,567,SMB-B,113,NA-East
7005649,001000000000000807,SilverLoop Group,6,SMB-A,31,LATAM
7005656,001000000000000808,VertexMetric Corp,101,TRIAL,35,APAC
7005663,001000000000000809,OnyxLink Technologies,15,SMB-B,94,APAC
7005670,001000000000000810,CedarLoop Systems,175,ENT-A,236,NA-East
7005677,001000000000000811,HarborLabs Solutions,21,ENT-A,148,NA-West
7005684,001000000000000812,Meridian Networks Systems,59,ENT-A,196,NA-West
7005691,001000000000000813,BeaconSoft Group,559,TRIAL,358,NA-West
7005698,001000000000000814,SummitWorks Partners,3,ENT-A,30,EMEA
7005705,001000000000000815,TitanWorks Technologies,586,ENT-B,176,NA-West
7005712,001000000000000816,GraniteLink Partners,28,ENT-B,131,NA-East
7005719,001000000000000817,BrightNexus Technologies,8,SMB-A,11,APAC
7005726,001000000000000818,CobaltFabric LLC,463,ENT-A,156,NA-East
7005733,001000000000000819,AuroraGrid Technologies,468,ENT-A,143,NA-East
7005740,001000000000000820,PacificNetworks Systems,29,ENT-B,24,EMEA
7005747,001000000000000821,SummitLabs LLC,15,ENT-A,369,NA-West
7005754,001000000000000822,RidgeTech LLC,231,ENT-B,343,LATAM
7005761,001000000000000823,PacificSphere Group,566,ENT-A,118,NA-East
7005768,001000000000000824,MeridianGrid Inc,547,ENT-B,140,APAC
7005775,001000000000000825,SterlingPulse Systems,421,SMB-B,269,NA-West
7005782,001000000000000826,Pan-Atlantic Digital LLC,414,SMB-B,140,EMEA
7005789,001000000000000827,NovaTech Technologies,38,ENT-A,294,NA-West
7005796,001000000000000828,BluePulse Partners,3,ENT-A,13,LATAM
7005803,001000000000000829,CedarNetworks LLC,31,SMB-B,94,NA-West
7005810,001000000000000830,UnionCloud Inc,569,SMB-A,145,EMEA
7005817,001000000000000831,OnyxDigital Technologies,14,SMB-A,140,APAC
7005824,001000000000000832,ApexSphere Solutions,291,SMB-A,46,NA-West
7005831,001000000000000833,KeystoneDigital Partners,9,ENT-B,26,APAC
7005838,001000000000000834,NorthMetric Technologies,15,SMB-A,19,APAC
7005845,001000000000000835,Pan-Atlantic Link Technologies,223,ENT-B,98,APAC
7005852,001000000000000836,SilverGrid LLC,523,SMB-B,200,APAC
7005859,001000000000000837,TitanCompute Industries,20,ENT-B,16,APAC
7005866,001000000000000838,SummitSphere Holdings,38,TRIAL,101,LATAM
7005873,001000000000000839,PacificWorks Systems,22,ENT-A,36,LATAM
7005880,001000000000000840,TitanNexus Group,446,SMB-B,10,NA-West
7005887,001000000000000841,CedarSoft Partners,553,SMB-A,199,NA-West
7005894,001000000000000842,OnyxSphere Global,343,SMB-A,73,APAC
7005901,001000000000000843,BrightCore Holdings,71,SMB-B,48,LATAM
7005908,001000000000000844,VertexCore Corp,299,SMB-A,48,APAC
7005915,001000000000000845,DeltaFabric Partners,135,ENT-B,188,APAC
7005922,001000000000000846,Meridian Wave Group,532,ENT-A,339,APAC
7005929,001000000000000847,SableMetric Technologies,15,SMB-B,115,NA-West
7005936,001000000000000848,BrightCloud Systems,18,TRIAL,22,NA-West
7005943,001000000000000849,RidgeCore Solutions,476,ENT-A,216,NA-West
7005950,001000000000000850,BrightWorks Technologies,596,TRIAL,51,EMEA
7005957,001000000000000851,PacificSoft Systems,483,ENT-B,398,NA-West
7005964,001000000000000852,NorthMetric Systems,44,SMB-B,308,NA-East
7005971,001000000000000853,SummitAnalytics Corp,22,TRIAL,2,LATAM
7005978,001000000000000854,PioneerDynamics Partners,365,SMB-B,18,NA-West
7005985,001000000000000855,UnionMicro Holdings,582,ENT-A,12,APAC
7005992,001000000000000856,NovaCore Inc,295,SMB-A,232,LATAM
7005999,001000000000000857,BrightDynamics Industries,595,SMB-A,21,APAC
7006006,001000000000000858,VertexByte Holdings,300,TRIAL,103,APAC
7006013,001000000000000859,NorthCloud Co,28,ENT-A,338,NA-East
7006020,001000000000000860,RidgeFabric Global,3,TRIAL,73,NA-East
7006027,001000000000000861,CopperData Partners,12,SMB-B,190,APAC
7006034,001000000000000862,AtlasPulse Co,18,SMB-A,133,APAC
7006041,001000000000000863,IronCompute LLC,569,SMB-B,126,LATAM
7006048,001000000000000864,OrchardSphere Inc,18,TRIAL,9,APAC
7006055,001000000000000865,DeltaWorks Corp,18,ENT-B,19,NA-East
7006062,001000000000000866,AuroraSignal LLC,498,ENT-B,145,EMEA
7006069,001000000000000867,BlueLogic Co,67,SMB-A,124,NA-West
7006076,001000000000000868,LarkVision Holdings,20,ENT-A,393,NA-West
7006083,001000000000000869,VanguardSystems Co,87,SMB-A,11,NA-East
7006090,001000000000000870,UnionVision Technologies,357,TRIAL,224,NA-East
7006097,001000000000000871,CobaltData Holdings,33,SMB-B,145,NA-West
7006104,001000000000000872,HarborLogic Inc,323,SMB-A,19,APAC
7006111,001000000000000873,PacificCompute Co,14,ENT-B,123,NA-West
7006118,001000000000000874,BlueData Inc,50,ENT-A,20,LATAM
7006125,001000000000000875,CrownCore Inc,100,SMB-A,111,APAC
7006132,001000000000000876,QuantumSphere Inc,37,ENT-A,24,NA-East
7006139,001000000000000877,PioneerAnalytics Systems,480,ENT-B,25,NA-East
7006146,001000000000000878,MeridianTech Technologies,90,ENT-B,88,LATAM
7006153,001000000000000879,GraniteVision Systems,4,ENT-A,139,NA-West
7006160,001000000000000880,PacificDigital Industries,472,ENT-B,62,NA-East
7006167,001000000000000881,OnyxTech LLC,458,TRIAL,36,NA-East
7006174,001000000000000882,Consolidated Vector Partners,12,SMB-B,34,EMEA
7006181,001000000000000883,SterlingNetworks Inc,577,SMB-B,82,EMEA
7006188,001000000000000884,MapleVector Holdings,300,TRIAL,340,NA-East
7006195,001000000000000885,SterlingVector Group,33,SMB-A,64,NA-West
7006202,001000000000000886,VertexPulse Global,29,ENT-A,4,EMEA
7006209,001000000000000887,SummitLogic Solutions,241,TRIAL,11,NA-West
7006216,001000000000000888,GraniteVision Global,27,SMB-B,25,APAC
7006223,001000000000000889,LarkMetric Holdings,448,ENT-B,36,EMEA
7006230,001000000000000890,KeystoneTech Inc,43,TRIAL,115,NA-East
7006237,001000000000000891,CrownSystems Co,470,TRIAL,225,EMEA
7006244,001000000000000892,BrightFabric Global,325,SMB-B,252,APAC
7006251,001000000000000893,CrownStream LLC,544,SMB-A,48,NA-East
7006258,001000000000000894,AtlasMetric LLC,418,SMB-B,50,EMEA
7006265,001000000000000895,EmeraldMetric Solutions,156,TRIAL,5,APAC
7006272,001000000000000896,AuroraForge Inc,25,TRIAL,194,APAC
7006279,001000000000000897,BlueByte Co,16,ENT-A,7,LATAM
7006286,001000000000000898,CascadeAnalytics Solutions,23,SMB-A,19,NA-East
7006293,001000000000000899,SableGrid Co,10,ENT-B,116,NA-West
7006300,001000000000000900,QuantumMicro Industries,23,TRIAL,278,APAC
7006307,001000000000000901,OrchardByte Solutions,215,SMB-B,262,EMEA
7006314,001000000000000902,HarborDigital Technologies,36,SMB-B,373,EMEA
7006321,001000000000000903,SterlingTech Global,90,ENT-A,7,EMEA
7006328,001000000000000904,LarkSystems Systems,222,SMB-B,53,APAC
7006335,001000000000000905,PacificSystems Partners,10,SMB-A,23,NA-East
7006342,001000000000000906,PacificStream Group,485,ENT-A,103,NA-West
7006349,001000000000000907,MapleByte Industries,184,TRIAL,10,APAC
7006356,001000000000000908,CobaltGrid Technologies,15,TRIAL,25,EMEA
7006363,001000000000000909,AuroraPulse LLC,146,ENT-A,108,EMEA
7006370,001000000000000910,PioneerByte Corp,29,TRIAL,12,NA-East
7006377,001000000000000911,NovaVision Industries,22,SMB-A,67,LATAM
7006384,001000000000000912,CedarLink Inc,208,SMB-A,20,APAC
7006391,001000000000000913,GraniteData Corp,492,ENT-A,12,LATAM
7006398,001000000000000914,GraniteData Inc,11,ENT-A,123,NA-East
7006405,001000000000000915,AtlasWave Partners,23,SMB-A,97,NA-East
7006412,001000000000000916,SilverVision LLC,354,ENT-A,1,LATAM
7006419,001000000000000917,VertexSphere Global,570,ENT-A,223,NA-East
7006426,001000000000000918,IronSphere Corp,28,ENT-B,202,NA-East
7006433,001000000000000919,RidgeNetworks Global,35,ENT-A,231,APAC
7006440,001000000000000920,SterlingPulse Industries,305,SMB-B,31,NA-East
7006447,001000000000000921,Helios Analytics Technologies,264,ENT-A,176,EMEA
7006454,001000000000000922,CascadeMetric Group,269,ENT-A,114,EMEA
7006461,001000000000000923,ApexLink Co,19,ENT-B,17,APAC
7006468,001000000000000924,MaplePulse Systems,19,ENT-B,339,NA-West
7006475,001000000000000925,TitanWorks Partners,556,SMB-B,303,LATAM
7006482,001000000000000926,BeaconSystems Solutions,421,ENT-B,24,NA-East
7006489,001000000000000927,TitanMetric Inc,482,ENT-A,5,NA-West
7006496,001000000000000928,Meridian Works Corp,254,TRIAL,320,NA-West
7006503,001000000000000929,VanguardLabs Corp,544,ENT-A,71,NA-West
7006510,001000000000000930,UnionGrid Solutions,557,TRIAL,239,NA-East
7006517,001000000000000931,DeltaLabs Industries,308,TRIAL,387,LATAM
7006524,001000000000000932,BeaconFabric Group,195,TRIAL,352,LATAM
7006531,001000000000000933,QuantumTech LLC,38,ENT-B,194,APAC
7006538,001000000000000934,AtlasCompute Co,16,ENT-B,59,EMEA
7006545,001000000000000935,Helios Labs Group,4,TRIAL,376,APAC
7006552,001000000000000936,GraniteLink Technologies,425,SMB-A,336,NA-East
7006559,001000000000000937,KeystoneMetric Technologies,222,ENT-A,145,APAC
7006566,001000000000000938,SilverGrid Co,39,ENT-B,249,APAC
7006573,001000000000000939,EmeraldWave Technologies,220,ENT-A,35,LATAM
7006580,001000000000000940,SummitTech Holdings,359,ENT-A,31,APAC
7006587,001000000000000941,EmeraldMicro Solutions,16,ENT-B,13,EMEA
7006594,001000000000000942,SterlingByte Systems,309,ENT-A,398,NA-West
7006601,001000000000000943,CedarWorks Partners,240,SMB-A,246,NA-West
7006608,001000000000000944,CascadeWave LLC,343,ENT-A,165,EMEA
7006615,001000000000000945,SummitSignal Corp,318,ENT-A,243,APAC
7006622,001000000000000946,SilverMicro Global,396,TRIAL,397,EMEA
7006629,001000000000000947,ApexWorks Systems,225,ENT-A,175,LATAM
7006636,001000000000000948,LarkWorks Industries,31,ENT-B,11,APAC
7006643,001000000000000949,TitanLink Holdings,297,TRIAL,231,NA-West
7006650,001000000000000950,SilverCore Technologies,213,ENT-A,324,APAC
7006657,001000000000000951,BeaconCore Systems,25,TRIAL,37,APAC
7006664,001000000000000952,OrchardWave Inc,287,SMB-A,54,APAC
7006671,001000000000000953,BeaconLogic Partners,241,SMB-A,208,NA-East
7006678,001000000000000954,AtlasCloud Global,255,ENT-B,24,EMEA
7006685,001000000000000955,KeystoneWorks Inc,261,SMB-B,102,APAC
7006692,001000000000000956,CobaltTech Global,30,TRIAL,160,APAC
7006699,001000000000000957,IronAnalytics Industries,181,SMB-B,139,APAC
7006706,001000000000000958,BeaconSphere Industries,32,SMB-A,216,NA-East
7006713,001000000000000959,QuantumStream Co,267,ENT-B,28,LATAM
7006720,001000000000000960,RidgeDigital Group,34,ENT-B,56,APAC
7006727,001000000000000961,OrchardVision LLC,11,TRIAL,105,APAC
7006734,001000000000000962,LarkLogic Partners,278,ENT-B,124,LATAM
7006741,001000000000000963,EmeraldSignal Global,32,SMB-A,30,NA-West
7006748,001000000000000964,EmeraldCore Industries,329,ENT-A,3,LATAM
7006755,001000000000000965,AtlasPulse Industries,518,SMB-B,260,NA-West
7006762,001000000000000966,CedarCloud Holdings,31,ENT-A,42,EMEA
7006769,001000000000000967,MeridianSystems Inc,16,ENT-B,270,NA-East
7006776,001000000000000968,AuroraByte Systems,9,ENT-A,399,APAC
7006783,001000000000000969,KeystoneCompute Partners,17,SMB-B,26,APAC
7006790,001000000000000970,CobaltSignal Solutions,268,SMB-A,363,APAC
7006797,001000000000000971,SableLoop Corp,23,TRIAL,258,NA-East
7006804,001000000000000972,KeystoneCloud Partners,198,SMB-A,367,APAC
7006811,001000000000000973,NorthPulse Partners,403,ENT-B,371,APAC
7006818,001000000000000974,QuantumLogic Global,17,SMB-B,245,NA-West
7006825,001000000000000975,GraniteSystems Inc,3,SMB-A,111,NA-East
7006832,001000000000000976,IronCore Industries,32,SMB-B,97,APAC
7006839,001000000000000977,NovaMicro Partners,216,SMB-A,285,EMEA
7006846,001000000000000978,OnyxAnalytics Holdings,5,ENT-B,104,LATAM
7006853,001000000000000979,HarborCloud Technologies,74,SMB-B,146,LATAM
7006860,001000000000000980,BlueByte Technologies,13,ENT-A,370,APAC
7006867,001000000000000981,SableAnalytics LLC,18,SMB-B,35,NA-East
7006874,001000000000000982,CascadeAnalytics Group,15,ENT-B,111,NA-East
7006881,001000000000000983,Allied Sphere Global,586,ENT-A,75,NA-East
7006888,001000000000000984,VanguardMicro Co,35,ENT-A,31,EMEA
7006895,001000000000000985,BeaconAnalytics Systems,58,ENT-A,5,NA-West
7006902,001000000000000986,SummitWave Partners,369,TRIAL,88,APAC
7006909,001000000000000987,OnyxByte Partners,185,ENT-A,81,LATAM
7006916,001000000000000988,LarkLogic Inc,53,TRIAL,39,LATAM
7006923,001000000000000989,PioneerMetric Group,37,TRIAL,305,NA-East
7006930,001000000000000990,BrightCloud Holdings,10,ENT-B,21,NA-East
7006937,001000000000000991,NorthLink Systems,75,SMB-B,88,NA-West
7006944,001000000000000992,SilverNexus Holdings,439,ENT-A,347,LATAM
7006951,001000000000000993,Allied Labs Systems,18,TRIAL,198,NA-East
7006958,001000000000000994,SterlingNetworks Technologies,154,ENT-B,154,LATAM
7006965,001000000000000995,UnionSignal Partners,10,TRIAL,27,LATAM
7006972,001000000000000996,NovaFabric LLC,38,TRIAL,194,EMEA
7006979,001000000000000997,VanguardSignal Global,399,TRIAL,99,NA-West
7006986,001000000000000998,NovaCompute Holdings,529,ENT-B,58,NA-West
7006993,001000000000000999,Standard Metric Solutions,424,ENT-B,26,LATAM
7007000,001000000000001000,CrownStream Systems,8,TRIAL,124,APAC
7007007,001000000000001001,GraniteCloud Industries,433,TRIAL,316,NA-West
7007014,001000000000001002,LarkStream Systems,159,ENT-B,88,NA-West
7007021,001000000000001003,BeaconVector Co,37,SMB-B,5,EMEA
7007028,001000000000001004,Pan-Atlantic Pulse Systems,11,ENT-A,173,EMEA
7007035,001000000000001005,BrightAnalytics Holdings,541,ENT-A,233,LATAM
7007042,001000000000001006,VertexTech Holdings,4,ENT-B,11,APAC
7007049,001000000000001007,BeaconVector Corp,103,SMB-B,109,LATAM
7007056,001000000000001008,PacificSignal Group,28,ENT-A,242,NA-East
7007063,001000000000001009,BrightTech Systems,3,ENT-B,12,LATAM
7007070,001000000000001010,CopperGrid Group,465,SMB-A,256,EMEA
7007077,001000000000001011,GraniteData Holdings,21,SMB-A,3,EMEA
7007084,001000000000001012,GraniteSphere Global,329,SMB-B,362,LATAM
7007091,001000000000001013,CobaltLogic LLC,6,SMB-B,263,APAC
7007098,001000000000001014,UnionSoft Inc,213,SMB-B,199,EMEA
7007105,001000000000001015,Allied Digital Partners,528,ENT-B,3,NA-East
7007112,001000000000001016,VertexVision Partners,38,SMB-A,194,LATAM
7007119,001000000000001017,DeltaLoop Co,116,ENT-B,156,EMEA
7007126,001000000000001018,SilverNexus Technologies,23,ENT-A,24,NA-East
7007133,001000000000001019,SummitStream Group,9,SMB-A,28,EMEA
7007140,001000000000001020,CopperCompute Industries,225,ENT-A,260,EMEA
7007147,001000000000001021,EmeraldSoft Group,35,SMB-A,300,NA-East
7007154,001000000000001022,SableSystems Industries,403,SMB-A,127,NA-East
7007161,001000000000001023,RidgeSphere Industries,120,ENT-A,235,EMEA
7007168,001000000000001024,CedarCloud Industries,22,ENT-B,9,NA-West
7007175,001000000000001025,UnionFabric Group,557,SMB-A,145,LATAM
7007182,001000000000001026,SableFabric Industries,544,ENT-A,81,NA-East
7007189,001000000000001027,Standard Wave Group,351,ENT-B,7,NA-East
7007196,001000000000001028,Consolidated Logic LLC,4,ENT-B,70,NA-East
7007203,001000000000001029,UnionSphere Partners,77,SMB-B,25,APAC
7007210,001000000000001030,OnyxWorks Holdings,17,SMB-B,114,LATAM
7007217,001000000000001031,MeridianSoft Corp,319,SMB-B,21,NA-East
7007224,001000000000001032,Consolidated Tech Solutions,21,ENT-A,377,EMEA
7007231,001000000000001033,PioneerLogic Holdings,167,SMB-B,11,NA-West
7007238,001000000000001034,Meridian Networks Industries,226,ENT-B,105,NA-East
7007245,001000000000001035,OnyxMicro Systems,11,ENT-B,119,NA-West
7007252,001000000000001036,SterlingLogic Inc,195,SMB-A,46,APAC
7007259,001000000000001037,MapleGrid Solutions,493,ENT-A,26,LATAM
7007266,001000000000001038,QuantumLink Partners,22,ENT-B,25,NA-West
7007273,001000000000001039,OnyxSystems Systems,38,SMB-B,56,NA-West
7007280,001000000000001040,DeltaLink Systems,23,TRIAL,35,APAC
7007287,001000000000001041,CopperSignal Solutions,32,ENT-B,147,EMEA
7007294,001000000000001042,UnionDigital Holdings,27,SMB-A,40,NA-East
7007301,001000000000001043,OrchardWave Holdings,418,SMB-A,333,APAC
7007308,001000000000001044,KeystoneDynamics Partners,519,ENT-A,9,EMEA
7007315,001000000000001045,SilverVector Corp,289,ENT-B,33,APAC
7007322,001000000000001046,GraniteDynamics Systems,6,SMB-B,26,NA-East
7007329,001000000000001047,RidgeCompute Inc,29,TRIAL,2,EMEA
7007336,001000000000001048,Helios Soft Inc,21,ENT-A,276,APAC
7007343,001000000000001049,MapleLoop Solutions,239,ENT-A,252,EMEA
7007350,001000000000001050,SummitLink Global,20,ENT-A,37,NA-West
7007357,001000000000001051,RidgeFabric Technologies,72,TRIAL,298,NA-East
7007364,001000000000001052,SterlingCore Systems,139,SMB-B,102,LATAM
7007371,001000000000001053,HarborVector Technologies,383,ENT-A,2,NA-East
7007378,001000000000001054,SterlingData Holdings,22,SMB-A,116,LATAM
7007385,001000000000001055,SterlingLink Systems,23,ENT-A,280,NA-West
7007392,001000000000001056,AuroraSignal Solutions,469,SMB-A,58,APAC
7007399,001000000000001057,SilverCore Industries,209,ENT-B,242,EMEA
7007406,001000000000001058,BlueSphere Technologies,268,ENT-A,109,EMEA
7007413,001000000000001059,MapleCore LLC,23,SMB-B,30,NA-East
7007420,001000000000001060,LarkSignal LLC,508,TRIAL,268,NA-East
7007427,001000000000001061,NovaSystems Co,4,ENT-A,14,APAC
7007434,001000000000001062,BrightStream LLC,153,ENT-B,14,EMEA
7007441,001000000000001063,DeltaNetworks Global,462,ENT-A,87,EMEA
7007448,001000000000001064,RidgeStream LLC,11,TRIAL,119,EMEA
7007455,001000000000001065,AtlasDynamics Global,110,SMB-B,335,LATAM
7007462,001000000000001066,CobaltCompute Partners,383,ENT-B,67,LATAM
7007469,001000000000001067,PioneerLabs Technologies,479,SMB-B,88,APAC
7007476,001000000000001068,BlueForge Corp,34,ENT-B,63,NA-East
7007483,001000000000001069,CopperTech Industries,18,ENT-B,163,APAC
7007490,001000000000001070,CopperLink Technologies,38,SMB-A,216,NA-East
7007497,001000000000001071,EmeraldVision Global,6,ENT-B,263,APAC
7007504,001000000000001072,EmeraldSystems Partners,68,SMB-B,40,LATAM
7007511,001000000000001073,IronCompute Co,26,ENT-A,135,NA-West
7007518,001000000000001074,VanguardFabric Group,581,SMB-B,3,NA-East
7007525,001000000000001075,HarborStream Co,374,ENT-B,72,NA-East
7007532,001000000000001076,AuroraSystems Inc,10,SMB-A,71,NA-West
7007539,001000000000001077,BeaconFabric Partners,13,ENT-B,94,NA-East
7007546,001000000000001078,OnyxData Solutions,364,SMB-B,64,NA-West
7007553,001000000000001079,SilverStream Industries,13,SMB-A,218,NA-East
7007560,001000000000001080,NovaData Holdings,18,SMB-B,141,NA-West
7007567,001000000000001081,OrchardSphere Co,23,SMB-A,105,EMEA
7007574,001000000000001082,BrightForge Solutions,152,ENT-A,6,EMEA
7007581,001000000000001083,CedarVision Group,4,TRIAL,53,APAC
7007588,001000000000001084,EmeraldLink LLC,195,SMB-B,64,APAC
7007595,001000000000001085,CascadeNetworks Group,38,SMB-A,4,EMEA
7007602,001000000000001086,NovaDigital Inc,391,ENT-B,361,NA-West
7007609,001000000000001087,TitanDigital Industries,18,TRIAL,120,NA-East
7007616,001000000000001088,SterlingForge Holdings,11,ENT-B,29,EMEA
7007623,001000000000001089,PacificSphere Solutions,300,SMB-A,21,NA-East
7007630,001000000000001090,KeystoneMetric Holdings,185,ENT-B,38,APAC
7007637,001000000000001091,SummitMetric Systems,26,TRIAL,9,NA-West
7007644,001000000000001092,SilverSphere Systems,260,SMB-A,275,NA-East
7007651,001000000000001093,Consolidated Micro Technologies,300,ENT-A,17,NA-East
7007658,001000000000001094,PioneerData Co,246,ENT-B,133,LATAM
7007665,001000000000001095,MeridianMetric Partners,465,ENT-B,41,LATAM
7007672,001000000000001096,OrchardCloud Co,31,SMB-A,266,NA-East
7007679,001000000000001097,QuantumData Corp,8,ENT-B,385,EMEA
7007686,001000000000001098,AtlasLabs Solutions,156,TRIAL,63,LATAM
7007693,001000000000001099,OnyxLabs Holdings,168,ENT-B,119,LATAM
7007700,001000000000001100,CobaltStream Industries,30,SMB-B,66,LATAM
7007707,001000000000001101,MeridianVision Inc,502,TRIAL,138,LATAM
7007714,001000000000001102,CopperCore Corp,7,ENT-B,329,NA-West
7007721,001000000000001103,VertexSystems Global,403,TRIAL,140,APAC
7007728,001000000000001104,BlueGrid Holdings,451,SMB-A,17,APAC
7007735,001000000000001105,SableMicro Inc,305,ENT-B,175,APAC
7007742,001000000000001106,BlueGrid Industries,120,SMB-A,195,APAC
7007749,001000000000001107,SterlingDigital Technologies,5,ENT-B,37,LATAM
7007756,001000000000001108,KeystoneMicro Global,7,TRIAL,12,NA-West
7007763,001000000000001109,MeridianSignal Industries,340,TRIAL,29,NA-West
7007770,001000000000001110,OnyxSoft LLC,32,TRIAL,307,NA-East
7007777,001000000000001111,OnyxLogic Holdings,423,ENT-B,397,LATAM
7007784,001000000000001112,NorthSystems Co,22,TRIAL,105,LATAM
7007791,001000000000001113,CascadeWorks Holdings,378,TRIAL,45,NA-West
7007798,001000000000001114,VanguardCompute Holdings,8,TRIAL,16,LATAM
7007805,001000000000001115,MeridianCompute Global,315,ENT-B,84,APAC
7007812,001000000000001116,VertexAnalytics Technologies,530,SMB-B,140,NA-West
7007819,001000000000001117,MeridianDigital Partners,550,ENT-B,7,APAC
7007826,001000000000001118,EmeraldGrid Co,36,SMB-A,47,APAC
7007833,001000000000001119,NovaSystems Holdings,527,TRIAL,199,NA-West
7007840,001000000000001120,HarborFabric LLC,22,ENT-B,27,LATAM
7007847,001000000000001121,HarborSignal Partners,220,TRIAL,71,LATAM
7007854,001000000000001122,MeridianGrid Co,434,SMB-B,77,LATAM
7007861,001000000000001123,RidgeAnalytics Technologies,26,SMB-A,25,NA-East
7007868,001000000000001124,GraniteDigital LLC,512,SMB-B,372,NA-West
7007875,001000000000001125,EmeraldGrid Corp,24,SMB-A,49,NA-West
7007882,001000000000001126,SummitStream Co,38,ENT-B,142,NA-East
7007889,001000000000001127,BeaconCloud Partners,30,TRIAL,257,NA-East
7007896,001000000000001128,SilverWorks Holdings,474,TRIAL,108,APAC
7007903,001000000000001129,CedarTech Technologies,495,ENT-A,99,EMEA
7007910,001000000000001130,Pan-Atlantic Vision Holdings,7,TRIAL,6,APAC
7007917,001000000000001131,PioneerLabs Industries,164,TRIAL,166,EMEA
7007924,001000000000001132,NovaNetworks Holdings,484,TRIAL,47,APAC
7007931,001000000000001133,MapleForge Partners,73,ENT-A,272,EMEA
7007938,001000000000001134,RidgeLink Corp,372,ENT-B,83,NA-West
7007945,001000000000001135,OnyxLogic Industries,4,ENT-A,175,NA-West
7007952,001000000000001136,NovaNexus Inc,12,SMB-A,135,NA-East
7007959,001000000000001137,UnionWave Solutions,9,ENT-B,352,NA-East
7007966,001000000000001138,QuantumTech Holdings,39,ENT-B,37,APAC
7007973,001000000000001139,KeystoneGrid LLC,18,ENT-A,5,EMEA
7007980,001000000000001140,CrownMicro Solutions,186,SMB-B,19,NA-East
7007987,001000000000001141,EmeraldNetworks Co,467,SMB-A,13,NA-East
7007994,001000000000001142,AtlasDynamics LLC,399,ENT-B,214,NA-West
7008001,001000000000001143,DeltaTech Co,220,ENT-B,2,NA-West
7008008,001000000000001144,BrightMetric Corp,317,TRIAL,95,NA-East
7008015,001000000000001145,DeltaAnalytics Group,312,TRIAL,369,APAC
7008022,001000000000001146,NovaVector Solutions,569,SMB-B,40,NA-East
7008029,001000000000001147,SummitForge Technologies,34,TRIAL,34,EMEA
7008036,001000000000001148,NovaForge Holdings,190,SMB-B,97,LATAM
7008043,001000000000001149,IronGrid Inc,29,SMB-A,74,APAC
7008050,001000000000001150,QuantumPulse Systems,23,SMB-A,48,NA-East
7008057,001000000000001151,UnionStream Group,7,ENT-A,359,LATAM
7008064,001000000000001152,SummitDynamics Systems,16,ENT-A,191,LATAM
7008071,001000000000001153,Consolidated Micro Partners,4,SMB-B,18,NA-West
7008078,001000000000001154,KeystoneMetric Inc,414,ENT-A,27,LATAM
7008085,001000000000001155,OnyxStream Partners,142,ENT-A,302,LATAM
7008092,001000000000001156,PioneerPulse LLC,10,ENT-B,83,EMEA
7008099,001000000000001157,SummitLabs Co,28,ENT-B,39,EMEA
7008106,001000000000001158,ApexWorks Technologies,500,SMB-B,78,APAC
7008113,001000000000001159,RidgeLabs Technologies,518,SMB-B,68,NA-West
7008120,001000000000001160,DeltaCompute Technologies,22,TRIAL,51,NA-West
7008127,001000000000001161,UnionSystems Solutions,27,SMB-B,59,NA-East
7008134,001000000000001162,CobaltAnalytics Systems,7,ENT-A,200,EMEA
7008141,001000000000001163,PioneerTech Partners,59,ENT-A,196,EMEA
7008148,001000000000001164,TitanDynamics Industries,35,ENT-B,302,LATAM
7008155,001000000000001165,Meridian Wave Systems,31,ENT-B,0,NA-West
7008162,001000000000001166,CascadeMicro Industries,20,SMB-B,286,EMEA
7008169,001000000000001167,MapleMetric Technologies,39,ENT-A,166,NA-West
7008176,001000000000001168,BlueGrid Group,19,SMB-A,103,APAC
7008183,001000000000001169,GraniteGrid Co,547,ENT-A,5,LATAM
7008190,001000000000001170,ApexSoft Solutions,33,ENT-B,254,EMEA
7008197,001000000000001171,EmeraldLogic Corp,550,SMB-B,50,NA-East
7008204,001000000000001172,SummitByte LLC,512,SMB-A,21,LATAM
7008211,001000000000001173,AtlasWave Holdings,236,SMB-B,65,LATAM
7008218,001000000000001174,BluePulse Industries,356,ENT-B,161,APAC
7008225,001000000000001175,OnyxSoft Systems,368,ENT-A,285,NA-East
7008232,001000000000001176,Consolidated Works Technologies,343,SMB-A,20,EMEA
7008239,001000000000001177,CrownLink Solutions,166,ENT-B,9,EMEA
7008246,001000000000001178,NovaSignal Co,23,ENT-A,383,NA-East
7008253,001000000000001179,KeystoneCompute Systems,24,SMB-A,35,NA-East
7008260,001000000000001180,AtlasDynamics Group,522,ENT-B,202,NA-East
7008267,001000000000001181,RidgeVision Inc,113,SMB-A,59,NA-West
7008274,001000000000001182,ApexLink Solutions,497,SMB-A,97,LATAM
7008281,001000000000001183,BrightPulse Industries,431,ENT-A,123,LATAM
7008288,001000000000001184,ApexMetric Inc,32,ENT-B,38,LATAM
7008295,001000000000001185,SummitCloud Systems,96,TRIAL,29,NA-East
7008302,001000000000001186,PioneerVector Global,74,SMB-B,7,APAC
7008309,001000000000001187,MeridianLogic Solutions,17,SMB-A,398,NA-East
7008316,001000000000001188,LarkData Inc,212,SMB-A,126,LATAM
7008323,001000000000001189,KeystoneAnalytics Inc,255,TRIAL,110,NA-East
7008330,001000000000001190,CedarData Group,459,TRIAL,123,APAC
7008337,001000000000001191,BrightPulse Group,422,TRIAL,23,NA-East
7008344,001000000000001192,GranitePulse Systems,69,SMB-A,260,APAC
7008351,001000000000001193,CobaltWave Industries,9,SMB-B,17,NA-East
7008358,001000000000001194,LarkForge Holdings,6,ENT-A,339,LATAM
7008365,001000000000001195,VanguardSoft Corp,417,SMB-B,72,APAC
7008372,001000000000001196,MeridianVision Industries,8,SMB-A,304,LATAM
7008379,001000000000001197,OnyxCompute Solutions,6,SMB-B,141,APAC
7008386,001000000000001198,CascadeCompute Solutions,37,SMB-B,315,APAC
7008393,001000000000001199,EmeraldFabric Holdings,160,ENT-A,148,LATAM
